,0,1
1,5573870.56825399,4947824.101042586
2,5575858.730337109,4976820.059484489
3,5569852.1796178715,4963837.556727892
4,5567934.293144552,4963427.253242318
5,5567827.011958281,4961658.054728152
6,5567693.316047014,4963185.62399061
7,5575972.27,4976148.149999999
8,5567863.666653529,4961394.280894072
9,5567882.298751128,4961987.846288608
10,5576671.298425212,4972240.557254508
11,5576590.850792443,4971872.675692454
12,5576406.768071176,4971044.672756466
13,5581717.565455007,4942016.806956829
14,5567868.990109995,4962882.186972762
15,5577783.5975952,4948156.05454351
16,5574282.624692719,4968349.186464663
17,5567538.935809923,4961090.84387621
18,5566995.943251687,4960861.93524872
19,5565691.696420638,4961458.162371483
20,5564813.326105843,4961782.893215133
21,5570326.076718025,4962964.742520066
22,5570220.611378718,4962842.379975311
23,5569805.8569626855,4960704.553710692
24,5569757.275756018,4960309.687280673
25,5569616.396681533,4960093.6726998
26,5568902.60937086,4959580.24673943
27,5568692.856082182,4959298.488590463
28,5568614.589929693,4958925.941704603
29,5555254.884405914,4966833.416087327
30,5557199.411506574,4964397.277465248
31,5561470.919423691,4960323.768094735
32,5562171.889825245,4959941.460936633
33,5567990.622071842,4958074.67681979
34,5566656.370797359,4956230.455410822
35,5562478.755615688,4959791.159324989
36,5496388.644324843,4916139.506630797
37,5562691.682898853,4959575.100758249
38,5571151.39,4963531.08
39,5570759.43,4963242.1
40,5570720.709112883,4963206.663706028
41,5565416.538021211,4957671.214177889
42,5564824.869835103,4957986.757164261
43,5572653.123405343,4961345.93113648
44,5573232.666251953,4959850.065087836
45,5573598.578527799,4959063.690129351
46,5574293.581962042,4957942.918825482
47,5565830.584417469,4957391.123968661
48,5579687.063446731,4951560.858670661
49,5579403.028414855,4951903.936319612
50,5583910.794889869,4951997.450061073
51,5604649.92,4961030.659999999
52,5573472.19483819,4945994.43683375
53,5563623.649999999,4959916.06
55,5574500.204604694,4956984.941118801
56,5574401.500426121,4956359.0584736
57,5573382.695283689,4946070.033415369
59,5563500.6,4959205.05
60,5562994.64,4959185.01
61,5563478.1,4959166.119999999
63,5563371.64,4959047.99
64,5563281.29,4958817.3
65,5603349.387523437,4958703.008939694
66,5563197.649999999,4958799.06
67,5563889.975948851,4958693.962464707
68,5563538.88,4958659.99
69,5566676.719997009,4956419.859499868
70,5566254.57,4957430.02
71,5567004.655176288,4956758.751939983
72,5565493.175622309,4960615.356879527
73,5568069.276790682,4957014.061435871
74,5562221.679021506,4955073.029711396
75,5565429.1833356265,4960457.2582889
76,5567376.4,4957246.970000001
77,5566859.862795239,4956192.887656713
78,5562648.67023487,4957093.690307864
79,5566726.52,4956923.970000001
80,5567103.52,4956917.01
81,5564226.630561263,4957885.5015843585
82,5566622.53,4956784.98
83,5564829.607485661,4958426.689353779
84,5565880.023117009,4958364.900198994
85,5565155.225994346,4950232.1374817565
86,5566942.157381212,4957539.269251401
87,5566879.344131509,4956862.675471627
89,5566740.56,4956617.970000001
90,5599908.57,4956536.98
91,5574616.471175151,4956150.676281773
92,5574292.016639085,4956005.048889408
93,5566782.56,4956477.98
94,5572406.236258715,4948214.433530082
95,5566939.750606009,4956652.754231388
96,5565909.97406634,4944124.83111582
97,5572593.734383581,4948423.238260047
98,5572730.09665621,4948832.325077933
99,5573134.531860937,4948486.722684032
100,5565938.29233322,4944197.86551965
101,5566783.34,4956408.6899999995
102,5566805.53,4956392.96
103,5597433.43,4956378.99
104,5592886.65042269,4954928.275931144
105,5596849.5,4956175.79
106,5574239.900246889,4955493.501348541
107,5574897.796659693,4952858.749558571
108,5593118.365407394,4954901.660020715
109,5573130.012040769,4944058.812079165
110,5574625.0,4955859.0
111,5596431.659999999,4955797.99
112,5568921.082283443,4947350.800912806
113,5574800.746630586,4952586.383347853
114,5574628.561095074,4952166.876770422
115,5575351.492256279,4949545.983929766
116,5574054.0205195565,4955408.509067951
117,5573860.99,4955253.04
118,5574406.498013658,4955111.048833638
119,5574227.01,4955066.99
121,5574321.019341921,4956443.466386775
122,5595629.73,4955020.970000001
123,5575708.24,4954999.05
124,5592233.48,4954809.31
125,5574225.31,4954766.01
126,5594057.6992826685,4954663.28888878
127,5595100.46791115,4954737.267632917
128,5564493.56,4954406.98
129,5573892.03,4954385.05
130,5567913.47,4954329.029999999
131,5573335.0,4954264.0
132,5576348.73,4954256.199999999
133,5564304.58,4954200.0
134,5574535.3272957625,4954106.463554946
135,5564109.567956785,4954110.13396114
136,5574300.564779728,4955290.364567415
137,5575404.984836573,4954599.017118862
138,5564273.59,4953933.0
139,5576459.6079830555,4952908.6068755025
140,5564034.609999999,4953849.96
141,5573034.781119791,4954178.152290569
142,5572883.504223553,4954009.83011025
143,5568403.793748275,4954071.705545732
144,5564805.4321101,4954806.101683804
145,5568358.48,4953665.99
146,5566353.124253646,4955463.7047832515
147,5572393.2824593205,4951980.538501063
148,5572704.649999999,4953464.6
149,5585457.69024397,4944931.491804347
150,5579742.959740224,4951503.298797327
151,5588042.89,4953292.970000001
152,5574598.685934431,4952416.096048473
153,5577975.2521049995,4954529.713312094
154,5574048.71253956,4954403.11290271
155,5574923.619999999,4953226.13
156,5590353.514636379,4950096.689594375
157,5560357.019141134,4946513.984105266
158,5574787.41371186,4955961.46795432
159,5572019.93,4953129.52
160,5573962.9675742155,4955373.68231683
161,5572828.107050259,4953587.959329214
162,5587327.92,4953042.96
163,5569325.246600637,4952525.335749373
164,5569029.400544172,4952870.489481916
165,5569150.713080552,4952728.045084359
166,5573860.715229005,4953318.403298273
167,5574009.86908346,4952592.219925683
168,5547519.08,4952474.93
169,5573097.620061673,4952530.449141304
170,5572279.41,4952340.78
171,5573371.068777644,4952658.510523356
172,5583144.18,4952261.74
173,5566158.3,4952253.169999999
174,5573722.1076250505,4952641.937873908
175,5569797.44,4952194.94
176,5548216.8,4952186.58
177,5580690.53498881,4945828.494217042
178,5583482.05,4952129.95
179,5565900.437207184,4952473.413210378
180,5574562.85,4951986.6899999995
181,5566310.0,4951976.0
182,5585332.58901729,4945205.649811753
183,5549432.89,4951615.39
184,5573481.154497005,4952680.297951591
185,5580966.134121703,4941763.041006643
186,5553340.846595814,4949619.103178404
187,5573188.769633788,4952559.074626618
188,5554066.123711871,4949323.368956703
189,5555675.114585295,4949176.025470125
190,5572603.68,4951446.529999999
191,5571039.108434143,4951372.874116307
192,5574306.311280487,4951077.167679414
193,5574279.551288387,4952531.955745703
194,5566074.7187088905,4951272.387781249
195,5566483.609999999,4951363.529999999
196,5565147.290814855,4951575.511911273
197,5556215.374036078,4948735.959590216
198,5573938.836900008,4950827.019456608
199,5557075.85999769,4948040.4983335715
200,5574745.168844847,4952363.362200634
201,5574672.1937224185,4952451.251946655
202,5574133.642595702,4950886.7893859325
203,5563931.38660293,4951556.8008841
204,5566512.38,4951026.13
205,5563527.7356133275,4953015.061666892
206,5563559.048449089,4953246.776651511
207,5579274.0,4950962.0
208,5579333.56,4950909.79
209,5579524.698025591,4951647.0321216
210,5573691.04,4950872.98
211,5573210.02,4950850.01
212,5581437.149754261,4941817.269780327
213,5572144.63216932,4950418.591605824
214,5573894.0,4950792.0
215,5574311.46,4950772.029999999
216,5572823.0,4950764.0
217,5574903.285538764,4950716.497335972
218,5574248.0,4950680.0
219,5572843.319999999,4950644.91
220,5574297.727202317,4950711.163727812
221,5581478.69819305,4987702.96710777
222,5574278.471884854,4950626.557505864
223,5566545.0,4950595.0
224,5572422.99,4950537.0
225,5571974.177185691,4950345.539469902
226,5574383.37540058,4950665.492194854
227,5571623.305563399,4950128.596763373
228,5571461.705384118,4950092.624120657
229,5566496.565796049,4950837.251381879
230,5574073.5206406405,4955500.024308794
231,5571878.893802326,4950139.356591043
232,5571810.173606631,4950362.683355393
233,5574185.337804151,4950053.193536423
234,5571568.2842860725,4950144.740829129
235,5571697.231182218,4950056.604560815
236,5566641.359999999,4950146.46
237,5598189.149190763,4948490.398931813
238,5563346.2141772,4951452.07643522
239,5571137.89069473,4950067.778559194
240,5571322.242215634,4950093.17754593
241,5574645.656170129,4949416.297656838
242,5570676.180590991,4949477.523356328
243,5567614.644826061,4945340.854700812
244,5574255.445605941,4950199.731994209
245,5573307.791378623,4950446.8151313765
246,5565248.566268478,4950019.602713924
247,5566648.5,4949986.0
248,5570988.43,4949982.94
249,5566642.49,4949954.0
250,5542527.48,4949939.02
251,5573914.199706909,4949841.160111037
252,5598503.48589336,4948090.334037599
253,5565126.5,4949806.0
254,5574155.58096277,4955639.48630971
255,5574220.642329951,4955848.679898799
256,5565259.0,4949729.5
257,5575400.193110776,4949682.619173564
258,5565403.96,4949666.57
259,5565531.5,4949650.99
260,5556498.2735303845,4948449.130936251
261,5575552.417050383,4949609.944518529
262,5559055.882569804,4946851.8810927225
263,5566531.39,4949500.109999999
264,5566546.5,4949470.5
265,5566520.859999999,4949449.1899999995
266,5566578.73,4949440.02
267,5566283.5,4949427.5
268,5566434.5,4949413.0
269,5566456.68,4949409.01
270,5565971.5,4949400.5
271,5566192.5,4949399.0
272,5565054.30875838,4949160.677831805
273,5566009.109999999,4949367.819999999
274,5565218.451490402,4949818.444876009
275,5566072.659999999,4949357.09
276,5566036.5,4949344.0
278,5575271.539329562,4949758.240098402
279,5566065.669999999,4949315.869999999
280,5575147.795998013,4949856.449091698
281,5567047.841584039,4949242.7544115
282,5566145.08,4949212.63
283,5574744.157035574,4950172.682050101
284,5573262.59207803,4958450.91188775
285,5573222.279227304,4943620.729476604
286,5605400.89623454,4987858.45715549
287,5567364.831556811,4949072.454344904
288,5566211.759697664,4949033.457728373
289,5567796.891204555,4945453.694659075
290,5519916.401933858,4938498.052266212
291,5566319.31,4948919.81
292,5561428.581024696,4944519.468501525
293,5566338.68,4948739.09
294,5567573.908226553,4948724.4884359855
295,5562745.512017223,4943837.387154129
296,5574620.8747188365,4950280.771076888
297,5570034.6,4948631.94
298,5574464.10859401,4950511.703017126
299,5570555.0,4948588.0
300,5567637.435578589,4948637.107535673
301,5569940.03,4948566.45
302,5567791.6247914,4948510.69336333
303,5570148.3621261045,4948609.964961973
304,5566279.08,4948475.31
305,5570871.0,4948451.0
306,5570039.24,4948444.39
308,5570308.141826406,4948116.097979961
309,5571146.0,4948339.51
310,5566289.57,4948318.819999999
311,5574284.764572444,4950505.770431083
312,5625214.446039916,5003399.829718883
313,5569763.6,4948283.51
314,5571232.0,4948255.0
315,5573133.7,4948192.83
317,5569894.619999999,4948178.699999999
318,5573619.647435902,4948357.187771776
319,5572599.68728172,4949223.452269889
320,5566390.94,4948124.81
321,5568124.0,4948108.5
322,5546525.70341223,4949424.96094538
323,5563690.600255219,4943396.2316365205
324,5564122.807815934,4943380.514997858
325,5569796.04,4948018.33
326,5569820.359999999,4947960.99
327,5576244.16353926,4947951.878087758
328,5571871.889648437,4946555.500239641
329,5571488.5,4947932.5
330,5575908.190736888,4947469.764649375
331,5570260.661123584,4947353.646685537
332,5569844.149999999,4947854.55
333,5566557.42,4947836.29
334,5571564.450122633,4946863.316259764
335,5568428.01,4947748.79
336,5568448.29,4947725.109999999
337,5568471.31,4947699.109999999
338,5566726.649999999,4947680.42
339,5569936.0,4947659.5
340,5569938.754012621,4947629.0882414365
341,5569801.07061031,4947679.3833745485
342,5571781.0,4947608.0
343,5569771.8,4947587.45
344,5571718.59,4947553.75
345,5576700.81,4947542.08
346,5570224.7327527,4947916.82419762
347,5571789.8,4947520.369999999
348,5572914.567613535,4948974.862533847
349,5570517.670458131,4948209.761902999
350,5570162.765161234,4948531.993378914
351,5571890.43,4947489.04
352,5581970.826265323,4954633.491193127
353,5572677.47924182,4947660.063027611
354,5570053.476863449,4948361.8641730845
355,5571304.878098319,4948053.823013592
356,5570137.978124623,4948525.23327802
357,5569676.27,4947413.57
358,5568910.448620597,4945529.284879745
359,5569185.930582246,4946644.7985458905
360,5568789.5,4947403.5
361,5568927.659999999,4947377.0
362,5566926.72116891,4947498.451163146
363,5567007.354903635,4947319.66846466
364,5572010.92,4947351.57
365,5568917.02,4947341.57
366,5569594.23,4947339.72
367,5567035.129999999,4947337.5
368,5569520.89,4947336.0
369,5571475.0,4947332.0
370,5568963.5,4947319.0
371,5569231.01,4947318.59
372,5567071.579434481,4947363.9048419185
373,5569502.41,4947314.6
374,5569641.469347141,4947370.328746859
375,5569437.41,4947313.34
376,5566799.5430004075,4947242.411741655
377,5569772.207211175,4947478.822982585
378,5569096.34,4947301.970000001
379,5571513.31,4947296.619999999
380,5571523.649999999,4947286.92
381,5569702.428079465,4947446.330409805
382,5570777.2,4947253.1899999995
383,5571384.5,4947229.5
384,5569642.83,4947219.649999999
385,5570846.0,4947211.5
386,5573274.646087895,4949392.191979025
387,5570505.608755171,4947341.8906206
388,5570329.914815018,4947459.251394848
389,5569172.54,4947167.970000001
390,5571020.99,4947162.93
391,5569725.332679952,4947489.476285138
392,5572104.747813007,4948784.385204019
393,5565057.947811709,4948999.213285172
394,5564654.997700605,4950610.235880632
395,5569168.24,4947131.98
396,5572095.1598330485,4949601.493515516
397,5570079.087594925,4947577.97649302
398,5572179.0,4947113.5
399,5571874.273312175,4950018.650179298
400,5569808.5,4947076.49
401,5569858.428169947,4947695.396429211
402,5571664.766410073,4950409.013848841
403,5569179.350918812,4947265.224271031
404,5571790.475380233,4950171.445201907
405,5567300.756841803,4946413.421063419
406,5569100.5,4947023.83
407,5571183.5,4947018.0
408,5569714.638803315,4947522.44565775
409,5583948.490338082,4954436.523304338
410,5572282.868047326,4946992.833095389
411,5569138.335704043,4947235.927688979
412,5571745.731509517,4950254.540961809
413,5569602.139126359,4947398.834901268
414,5569676.121250394,4947159.404117644
415,5569735.632127955,4947114.959285037
416,5572303.836462544,4946969.003733697
417,5571523.971664727,4950680.338822239
418,5570374.86440594,4945181.17459972
419,5572263.381673805,4946957.499813723
420,5572239.94,4946937.76
421,5572319.452603199,4946933.682004772
422,5572181.814646215,4946931.876392263
423,5569832.6940202145,4947672.445227108
424,5572345.444459857,4946926.106013303
425,5572726.90066158,4946786.89099156
426,5576796.85,4946897.49
427,5572215.1726563405,4946902.290867372
428,5572227.832972113,4946891.950371509
429,5524027.86134113,4938727.67460873
430,5571302.500803926,4950906.329496523
431,5572195.239604983,4946871.648835667
432,5569804.2218797095,4947711.334004384
433,5571817.108636813,4950248.681645258
434,5570424.721981075,4945213.398205043
435,5570294.58238452,4945734.156274872
436,5572806.800429467,4944778.743462249
437,5569833.3884626655,4947650.223068662
438,5565554.46,4946808.6
439,5572457.3326804545,4946812.032621897
440,5569746.716294335,4948218.101881338
441,5565487.54,4946789.35
442,5569765.329979954,4948120.693045867
443,5565423.35,4946782.98
445,5546212.62639143,4949390.41044658
446,5572083.46,4946760.74
447,5572521.858017076,4946749.743413473
448,5568835.759350339,4946660.379163454
449,5571745.198844592,4950200.741783774
450,5570887.55,4946699.57
451,5575920.8423883105,4946639.231371216
452,5571509.07809354,4946191.1994818775
453,5570800.85,4946686.55
454,5567356.75,4946679.46
456,5565259.09603345,4946748.142326278
457,5570737.33,4946664.319999999
458,5572815.762376095,4947857.990793748
459,5576258.33572083,4946896.37972176
460,5571168.10684995,4945846.061583581
463,5569021.0,4946609.0
464,5576352.308744422,4948263.52392143
465,5545859.007028654,4948978.708429484
467,5572734.740172547,4946556.170902849
468,5626758.63094269,5008093.62314207
470,5567455.617508677,4946130.088543062
471,5576181.252297228,4948124.369857482
472,5567291.35,4946485.109999999
474,5576276.4084848,4947994.10869309
475,5570552.0,4946472.5
476,5571784.0,4946468.01
477,5565584.455203549,4946374.534644394
478,5566232.766544506,4945510.119523116
479,5567453.534181322,4946073.144262049
480,5570049.26,4946409.98
482,5572845.77871595,4946405.851698149
483,5545628.38038199,4947975.5434234
484,5545287.111782582,4947326.912287155
485,5568829.585037147,4946533.90533576
486,5566694.190497695,4945734.641981939
487,5569371.44,4946332.45
488,5568899.87,4946330.06
489,5570017.367167594,4946111.560692064
490,5569400.05,4946327.01
491,5569232.669999999,4946326.119999999
492,5568228.010997353,4946249.96454143
493,5569315.854445542,4946336.986393148
494,5569319.35,4946323.91
495,5566319.91584723,4945660.119059157
496,5566050.701634027,4945837.655460902
497,5567118.638723558,4945952.821135804
498,5581176.73299824,4945835.74259672
499,5568985.0,4946317.5
500,5544909.679341962,4947205.797629407
501,5569342.596675328,4946336.798067585
502,5570082.151160886,4946110.80738982
503,5570147.6884564245,4946144.70599096
504,5569820.679737104,4946972.258446849
505,5569147.5,4946311.0
506,5573693.091318735,4947967.464057361
507,5543747.070250846,4946519.2017849535
508,5572992.467076394,4946285.629571687
509,5573016.098081209,4946268.358486387
510,5569642.5,4946234.5
511,5570135.359999999,4946233.44
512,5569424.5,4946223.5
513,5573084.33,4946216.88
514,5569846.247654493,4945953.802730587
515,5567432.79,4946201.63
516,5569347.5,4946197.0
517,5569293.01,4946191.5
518,5570191.92,4946179.119999999
519,5573250.73,4946161.24
521,5543486.939677583,4946625.170383171
522,5569867.79,4946155.859999999
523,5543170.11941666,4947129.31641474
524,5568966.6,4946146.24
525,5542811.61603283,4947406.97910357
526,5542559.01062006,4948019.21791299
527,5572331.0,4946130.0
528,5573336.416858102,4945081.043227518
529,5574114.80658091,4944579.06185662
530,5573929.421587056,4944360.051585039
531,5573920.86860135,4944280.47100448
532,5570378.952248953,4951869.049768549
533,5573233.3958897805,4946118.086122718
534,5572260.359999999,4946107.649999999
535,5570650.5720078675,4951744.937988304
536,5571994.486110246,4944904.985097393
537,5571413.348456342,4944524.129531229
538,5570761.366354403,4951583.007789519
539,5570927.356285247,4951316.125918774
540,5573145.339527376,4946107.988260157
541,5570171.581933216,4944935.300307922
542,5573105.114222912,4946093.490461755
543,5570812.854329585,4944884.431340819
544,5573282.3,4946086.33
545,5573345.956105611,4945385.1627822695
546,5571053.266844394,4951199.488897605
547,5573048.84,4946074.55
548,5569150.649304655,4946292.9079639185
549,5572111.68,4946067.529999999
550,5573324.57,4946067.06
551,5573297.819999999,4946046.199999999
552,5573419.499942856,4946047.495126624
553,5571980.55,4946041.92
554,5573958.644514597,4944791.021862142
555,5570821.893970612,4951444.187300848
556,5570705.885424513,4951686.75062456
557,5572444.619999999,4946030.4
558,5570571.797624433,4951792.212939229
559,5572654.870608905,4946221.604610617
560,5569939.7730842335,4944994.121833197
561,5568952.5,4946015.0
562,5572885.359999999,4946014.75
563,5573458.24,4946013.52
564,5573423.59,4946007.77
565,5571728.04,4945991.0
566,5569831.999575271,4944989.466818457
567,5569804.2218773,4944958.5641292995
568,5573434.28,4945983.869999999
569,5572566.035792433,4945280.5140117975
570,5570681.74202942,4945551.457869425
571,5570872.16070109,4952565.242284677
572,5571753.0,4945962.819999999
573,5570790.467552842,4944842.533292511
574,5572624.945954236,4945927.987818572
575,5572648.066222053,4945744.998002891
576,5572697.754989782,4945482.664656781
577,5570581.37986905,4944758.70701637
578,5574625.319191191,4952328.738967309
579,5573499.5,4945927.0
580,5555461.093230468,4967230.578576992
581,5580773.729010367,4945856.287148098
582,5573461.5,4945911.0
583,5572568.543529366,4945912.296646612
584,5572945.185086636,4945925.22801996
585,5572928.171246578,4945962.380691109
586,5556436.935744222,4966182.293605883
587,5558021.78217962,4964256.351928122
588,5564517.041385881,4951516.005182807
589,5573207.225530243,4945821.915981698
590,5567423.47,4945832.83
591,5572962.277616165,4945866.585975749
592,5573191.813536646,4946123.745810113
593,5559293.35637367,4963123.385347646
594,5568939.6516076075,4946688.880606438
595,5567748.612382659,4946940.29854659
596,5560311.821012522,4962505.677504555
597,5563571.02461735,4951380.37316433
598,5573502.0,4945803.5
599,5571196.5,4945802.5
600,5573408.0236850185,4946014.022226531
601,5560843.652399381,4962080.815036869
602,5571094.0,4945766.0
603,5571468.277280005,4946761.8721749205
604,5569037.5,4945758.5
605,5573360.392323269,4946097.008825872
606,5573644.0,4945731.0
607,5573135.215508942,4946176.721937736
608,5575755.27,4945723.93
609,5573400.658010778,4946038.083429688
610,5575858.82910922,4945708.101215148
611,5573167.588081837,4946145.005681558
612,5573543.0,4945694.5
613,5573166.719153096,4946202.76674852
614,5577844.82933023,4949128.82196976
615,5572637.605650962,4945898.550837194
616,5573115.291789187,4946243.062198073
617,5572638.5454755165,4946663.473436875
619,5573441.5,4945659.5
620,5575795.23,4945656.93
621,5565408.2190294545,4960602.575119077
622,5572144.08,4945644.84
623,5572596.235480535,4946685.111596072
624,5571636.767922544,4946091.065442329
625,5570772.81,4945637.18
626,5569048.0,4945635.99
627,5573680.0,4945622.5
628,5565312.61676577,4960548.400502989
629,5571161.458827203,4946413.6575846225
630,5572063.52,4945616.6
631,5572397.681433855,4946942.677161894
632,5572364.371784465,4946963.760928539
633,5570953.260592401,4946541.498605994
634,5573874.251877547,4944790.18486576
635,5571086.303045459,4945496.112765613
636,5573584.0,4945586.5
637,5573232.5,4945582.5
638,5572325.246116915,4946955.705302996
639,5575837.989692518,4945594.967497722
640,5563752.104342779,4951370.363196178
641,5578646.66879448,4949394.30867388
642,5573150.9086256325,4945803.673283294
643,5572268.103698228,4946899.1835566675
644,5563915.786589054,4951225.384541056
645,5572241.020442623,4946908.5585297635
646,5573483.5,4945550.0
647,5572180.183370139,4946912.548612777
648,5569080.99,4945539.5
649,5572193.453331815,4946940.703922866
650,5563965.996498256,4951225.489454193
651,5573361.203141002,4945877.555740239
652,5567692.22,4945519.09
653,5570610.11340517,4946862.4553354485
654,5570550.29,4945504.319999999
655,5572240.191595941,4946895.859559484
656,5564021.116075601,4951231.080424207
657,5570386.272588033,4947038.084284272
658,5572262.616197617,4946893.625796844
659,5572416.140709792,4947247.074628555
660,5572276.752288505,4946895.764495527
661,5586265.09447384,4975585.11498709
662,5569138.5,4945473.49
663,5573273.0,4945472.5
664,5572305.881033647,4946922.824071206
665,5564058.732133099,4951216.314777764
666,5572193.25434544,4946900.851267211
667,5570276.5,4945454.5
668,5564080.250806775,4951241.423282341
669,5572281.188687183,4946971.606215704
670,5573315.884419594,4945381.189146241
671,5573734.913747127,4945365.791476885
672,5532131.096701586,4980993.2784985015
673,5573353.627959236,4945328.22643739
674,5569193.5,4945435.5
675,5570195.0,4945430.0
676,5570892.44,4945425.119999999
677,5568947.108922705,4945922.908150222
678,5571239.569117762,4948138.773792808
679,5573648.01,4945415.5
680,5568766.570364005,4946901.888529601
681,5573092.5901257275,4945406.046224111
682,5573383.587222598,4945254.245156912
683,5570781.424164025,4948534.556035808
684,5568984.395481628,4945838.747060081
685,5570222.779423664,4948665.436079556
686,5570148.753410626,4948675.386896472
687,5566846.20659356,4945299.418337384
688,5567819.04827193,4945299.786879429
689,5570092.5,4945378.5
690,5564065.61030356,4951271.555447337
691,5571649.200686036,4945221.0635277545
692,5566859.5,4945364.18
693,5570092.283559464,4948663.811839208
694,5567854.27,4945343.819999999
695,5572914.269309535,4945346.352352562
696,5569816.029760815,4948427.508232245
697,5564013.380375935,4951266.27967011
698,5571366.5,4945335.5
699,5569875.749457731,4948518.970570894
700,5569759.777568337,4948193.277061155
701,5569821.582946518,4948144.666089551
702,5569813.9440797595,4948336.332205989
703,5563477.990522107,4951223.520743125
704,5572329.197900261,4948913.642748785
705,5567723.188369963,4945562.018442555
706,5566901.70597288,4945177.123244119
707,5569420.5,4945281.5
708,5566965.108947781,4945059.85474176
709,5569952.0,4945274.0
710,5572508.429313283,4948732.938200919
711,5572730.872683147,4948505.5843813885
712,5573124.915080822,4948792.508811167
713,5573358.378352985,4948017.583120083
714,5572303.55,4945235.34
715,5580937.213395428,4942632.536287365
716,5573366.190830744,4947907.16677016
717,5569145.043160785,4947259.593320894
718,5566888.704723681,4945220.998196396
719,5569521.5,4945208.5
720,5580985.014527373,4942506.659973433
721,5571019.43,4945183.49
722,5567107.986854308,4945175.1586640915
723,5572859.001633933,4947923.065692464
724,5572736.488654716,4948004.563456888
725,5573507.73651304,4947865.752788096
726,5573870.5,4945128.0
727,5569842.0,4945122.5
728,5572632.086289691,4948236.805452554
729,5573575.224507053,4947821.804262522
730,5575413.369692654,4949522.43430292
731,5573747.826813082,4947677.191519657
732,5573770.0,4945090.5
733,5569715.0,4945082.5
734,5569725.629999999,4945071.68
735,5573889.247763603,4947558.358637633
736,5574214.724605004,4948253.7534014825
737,5569809.24,4945051.4
738,5569778.41,4945029.78
739,5574063.077682313,4947529.386984214
740,5569744.71,4945017.38
741,5574133.742230971,4947605.616533519
742,5569811.79,4945003.39
743,5569653.78,4944995.13
744,5569913.21,4944993.22
745,5569581.0,4944992.0
746,5572622.845876968,4945240.644573602
747,5566945.619999999,4944979.43
748,5569849.94,4944977.319999999
749,5573944.7358453525,4947498.942196283
750,5569749.47,4944972.24
751,5573749.97979814,4945405.716491104
752,5569793.35,4944965.24
753,5570518.0,4944950.0
754,5560239.453460886,4945029.293053537
755,5569500.0,4944938.0
756,5573904.356929786,4945047.206682134
757,5569884.783064927,4947077.686890252
759,5569793.5,4944919.5
760,5570081.202197189,4947134.437437973
761,5573845.34,4944896.46
762,5573997.76870175,4947489.612341916
763,5572437.55,4944887.07
764,5570462.5,4944881.5
765,5569825.23,4944869.26
766,5569460.5,4944860.0
767,5536847.866241018,4981022.828694966
768,5574116.601583676,4947567.688491612
769,5569834.28,4944848.44
770,5569376.5,4944809.5
771,5569617.1565464,4945002.655099272
772,5569322.0,4944786.0
773,5574176.01802464,4947797.497536
774,5574205.971767605,4947852.494572262
775,5569153.0,4944714.01
776,5569833.0,4944699.0
777,5569090.0,4944669.5
778,5569827.49,4944655.199999999
779,5570071.503802755,4945868.513623606
780,5572491.121479882,4945597.916035721
781,5569818.01,4944618.24
782,5569999.396059881,4945764.858743224
783,5566651.2,4944615.22
784,5571133.966326703,4946965.903335453
785,5569806.4,4944588.33
786,5569045.0,4944587.0
787,5569844.0,4944537.5
788,5565362.703989824,4943984.63893166
789,5569012.99,4944524.0
790,5559861.599842788,4945401.59000078
791,5566567.609999999,4944493.35
792,5568969.0,4944485.0
793,5569762.0,4944484.5
794,5574217.756846934,4947932.53490173
795,5572599.3,4944456.92
796,5574249.1837248,4947993.91552256
797,5570562.73780112,4947222.787169444
798,5568905.0,4944428.5
799,5569814.31,4944423.149999999
800,5568139.18,4944396.33
801,5568103.4,4944384.92
802,5569676.0,4944382.0
803,5566120.5,4944379.5
804,5569667.81,4944372.43
805,5568058.95,4944370.73
806,5566027.5,4944363.0
807,5558978.089176943,4946735.191005828
808,5574312.037480794,4948337.155954053
809,5574299.695100973,4948382.512624722
810,5569140.99902582,4944256.731634522
811,5570416.61735052,4943403.43911967
812,5558551.614688897,4947151.941319876
813,5568356.64,4944296.18
814,5565931.158970131,4944153.3945975015
815,5569661.945520509,4942845.16904676
816,5567032.783655134,4945577.469405692
817,5565912.0,4944263.0
818,5572667.72,4944258.109999999
819,5569719.0,4944252.5
820,5566412.39,4944232.42
821,5565927.57,4944230.869999999
822,5566317.146522287,4944134.14229739
823,5570465.843021631,4947297.148279283
824,5566198.819999999,4944223.72
825,5574370.181009902,4948564.109325741
826,5566373.94,4944191.819999999
827,5574467.402953354,4948678.692330084
828,5569964.41,4944154.38
829,5570395.988645723,4947312.921848037
830,5570202.199086774,4947218.2804354895
831,5570488.641794161,4944096.932099982
832,5565562.18,4944131.07
833,5574520.875022124,4948721.747762082
834,5566463.42,4944088.649999999
835,5565835.24155797,4944077.239273404
836,5570143.611545691,4947218.2804354895
837,5566489.29,4944042.25
838,5565576.05,4944041.64
839,5566668.166545761,4945288.367577347
840,5569927.87,4944027.44
841,5572733.71,4944027.44
842,5567029.705246232,4945055.68723884
843,5569789.989446308,4947376.001939963
844,5569934.6,4943965.04
845,5566544.51,4943958.5
846,5566697.87,4943908.51
847,5567153.341172747,4945123.75645681
848,5566430.18,4943856.09
849,5569740.594943407,4947379.188682084
850,5569578.016437548,4947292.641545303
851,5565926.935955912,4944885.937942555
852,5568823.39,4943785.159999999
853,5566937.06840966,4945143.725387162
854,5569953.0,4943767.0
855,5566299.820568458,4943474.2495308025
856,5568744.7380302185,4945526.098137621
857,5570077.44,4943548.64
858,5574761.6647084365,4937220.3342778925
859,5567222.9147738395,4945170.247214539
860,5570852.49,4943483.8
861,5570109.0,4943461.0
863,5566314.01,4943377.5
864,5569177.88,4943368.1899999995
865,5570091.0,4943331.0
866,5571974.71,4943068.35
867,5573437.475938765,4943322.437005275
868,5573939.822984368,4943530.059769136
869,5570018.5,4943005.5
870,5571306.0,4943004.5
871,5571384.5,4942977.0
872,5574134.201925373,4943446.015314824
873,5574272.694858489,4943230.818603365
874,5572244.5,4942931.0
875,5570005.5,4942908.0
876,5570005.5,4942889.5
877,5570027.0,4942770.0
878,5574226.431413696,4936478.333026428
879,5570049.01,4942676.0
880,5574501.623257319,4936610.555446909
881,5570106.5,4942609.0
882,5572495.7315485515,4943945.816742029
884,5569714.5,4942506.5
885,5570194.0,4942470.0
886,5572287.820128284,4943838.847822907
887,5573211.5,4942201.0
888,5570259.0,4942137.0
889,5570262.880678679,4942325.477940474
890,5573198.5,4942086.0
891,5573221.5,4942002.0
892,5570273.683667942,4942196.824159234
894,5573485.570719324,4941634.68543121
895,5571807.213294492,4944125.102676888
896,5573414.0,4941821.0
897,5572119.662413664,4943943.52454377
898,5570041.08,4941793.649999999
900,5573476.25,4941719.84
901,5570019.3223751495,4941717.564271991
902,5570024.05,4941665.359999999
903,5568885.008502658,4937333.514810306
904,5572348.708418582,4944374.98329682
905,5572254.959356161,4944345.154049688
906,5573964.0,4941365.5
907,5572489.332029226,4942950.636731077
908,5574331.3,4941159.869999999
909,5574213.485135151,4955401.046755615
910,5572286.919263833,4944532.6521745
911,5570309.5,4941104.5
912,5570130.2985375915,4941377.761155134
913,5572195.300861924,4944498.561606348
914,5565651.09,4940912.13
915,5568134.6917937705,4938657.372040133
916,5572538.763939695,4944627.743601208
917,5573095.171812636,4944835.466695499
918,5570559.51,4940730.0
919,5563991.798215105,4951378.61644833
920,5573934.585670982,4944965.842087809
921,5573829.251142039,4944934.015346445
922,5574491.319999999,4940585.91
923,5571661.570406105,4945708.776774229
924,5568395.927715972,4939715.082898107
925,5569668.111163191,4942423.454852461
926,5571491.88,4939831.01
927,5569737.555408334,4942158.177836011
928,5569731.999868723,4942074.844741839
929,5569630.611270812,4941934.5673666475
930,5569545.889291767,4941847.067617735
931,5569512.556054098,4941740.123480213
932,5569527.833788027,4941522.06855046
933,5572047.5,4939077.0
934,5569515.333823902,4941472.068693958
935,5569257.0012319945,4941379.013405434
936,5569191.7236415595,4941340.124628153
937,5569147.2793246675,4941281.791462233
938,5568993.113100444,4940987.34786282
939,5538850.452997815,4945533.694482724
940,5573242.112059851,4946144.01498844
941,5637151.99132804,4962192.02851861
942,5541385.669252077,4949474.6297368305
943,5545553.172392884,4951186.08435999
944,5543875.057794894,4950613.747261895
945,5546808.965852693,4952202.460684931
946,5549000.774871012,4972280.095547583
947,5541087.725871953,4976864.912143503
948,5548564.887996054,4951952.90493777
949,5549742.08352548,4951529.592096177
950,5550362.890748914,4951488.335919937
951,5551217.482971051,4951447.079743695
952,5551775.423640244,4951259.462370749
953,5551491.541856109,4951406.805857321
954,5567379.590014707,4945201.680491545
955,5567008.8677309835,4945120.978120944
956,5567042.207756112,4945290.45658201
957,5566985.251879853,4945377.974147971
958,5566871.340127332,4945391.865825107
959,5566790.7684001485,4945344.634122643
960,5566742.147530169,4945296.013252663
961,5563769.687143783,4952031.456172706
962,5565788.771505014,4945954.114562612
963,5566448.332783212,4955851.181357064
964,5566220.639488633,4955300.898677299
965,5565033.100192519,4954958.023125697
966,5595388.546000143,4954843.731274502
967,5597114.3359125415,4956325.009852372
968,5598044.27968972,4956395.862711587
969,5598673.09881525,4956170.01922284
970,5598929.9404299,4956156.73431174
971,5684083.302112342,4984582.639715277
972,5564187.293725804,4951323.226436699
973,5600536.37619949,4956688.057300638
974,5575674.703545053,4977864.279053258
975,5568885.770292619,4960207.150104957
976,5566227.4722838225,4957085.121794713
977,5567193.689686162,4956604.779294801
978,5567234.6431562705,4956559.39842252
979,5567685.131327454,4955773.534536672
980,5567791.230011144,4955582.411666454
981,5567817.840502995,4955510.40680615
982,5567899.237301601,4954533.645222909
983,5568141.153751484,4954125.4340773905
984,5567975.126169967,4954364.513794775
985,5568187.641474311,4953877.499555658
986,5568925.910786924,4952998.106798791
987,5569389.42484569,4952465.853473469
988,5571181.719738083,4963017.69615405
989,5571094.06164728,4963214.92685836
990,5572508.7859964175,4961601.102647649
991,5571499.338300815,4962657.0380660985
992,5574445.41829832,4951711.367762771
993,5574410.981191219,4951573.619334361
994,5574361.673515138,4951250.380124514
995,5574194.519374985,4950445.70944476
996,5574109.84530841,4950338.898367314
997,5573830.24633984,4950003.600314951
998,5573744.15357208,4949897.158347543
999,5573456.250063265,4950893.430489068
1000,5567933.417649964,4945538.277177386
1001,5568385.615763583,4945821.5326033
1002,5568770.891507742,4946055.088761712
1003,5568856.527886467,4946086.696885131
1004,5569024.465264996,4946103.883458958
1005,5569103.032459688,4946130.399887096
1006,5569169.814575124,4946172.62975421
1007,5569515.6810369585,4946262.379833242
1008,5569558.736468942,4946260.6437271135
1009,5569290.681683395,4946311.685246713
1010,5569822.904381332,4948217.340993862
1011,5569784.6028739475,4948133.8633495625
1012,5564209.892046261,4951326.046859356
1013,5576412.536242963,4946396.060004422
1014,5573895.834469584,4944223.60341636
1015,5576531.768925566,4948041.255939982
1016,5576368.913824685,4948445.347969855
1017,5576296.841219411,4948634.729215215
1018,5576133.428131162,4949428.350477735
1019,5576376.722142044,4949394.286771755
1020,5576101.426024969,4949158.5520756105
1021,5574397.2642495595,4950515.4926254
1022,5574148.653852032,4950454.381689653
1023,5574065.320757876,4950696.047662712
1024,5574302.716473493,4950640.707196378
1025,5507305.89423724,4924111.07743498
1026,5528865.65944138,4941033.38355785
1027,5597012.24505209,4980728.12359068
1028,5574170.66947198,4950523.497836781
1029,5574252.398233713,4950513.877498313
1030,5574295.341936418,4950573.374742608
1031,5514119.78556295,4936713.84771201
1032,5500680.49313475,4917622.69074387
1033,5591254.091144836,4977959.619465282
1034,5514307.816904087,4929979.163875365
1035,5579206.972667583,4951007.505102034
1036,5578933.752690211,4951133.534287807
1037,5578735.099022725,4951254.032171766
1038,5578661.713779358,4951310.433236634
1039,5578481.974749572,4951562.711841171
1040,5578418.086044049,4951715.489180464
1041,5578298.641942418,4951896.044217811
1042,5577768.994030805,4952469.790402201
1043,5577598.110382467,4952613.175532414
1044,5576769.226479038,4953459.7370546395
1045,5576553.166693782,4953740.614775469
1046,5576451.029340754,4953958.638740591
1047,5576194.481315245,4954550.20326661
1048,5576044.481745755,4954736.313843569
1049,5573983.990367539,4944976.894884337
1050,5573999.703988799,4944968.904907425
1051,5571634.937149737,4946107.210289523
1052,5577299.493228373,4954157.041839468
1053,5575044.484615927,4955982.143601219
1054,5579063.304659099,4953203.544376403
1055,5575635.913086291,4954739.960321261
1056,5573783.377124413,4955136.312695412
1057,5573663.933022782,4954589.092043751
1058,5573558.377770178,4954405.759236595
1059,5564219.601304027,4951340.963116332
1060,5574194.487055622,4954521.036683512
1061,5574318.09781196,4954655.758519073
1062,5574386.153172191,4954802.98031876
1063,5574351.431049626,4955309.923308241
1064,5574344.486625113,4955425.200755164
1065,5574412.541985344,4955636.311260373
1066,5574694.485635019,4948987.024778582
1067,5574733.374412399,4949062.0245632855
1068,5574884.762866843,4949124.524383927
1069,5574771.568747235,4949091.885588704
1070,5575030.595781954,4949155.774294053
1071,5575221.567456139,4949234.246291081
1072,5575245.872941946,4949263.412874048
1073,5575323.650496521,4949468.273397264
1074,5575346.178181484,4949534.569104577
1075,5575385.461778751,4949614.363911704
1076,5575511.732741776,4952949.45735928
1077,5575514.622170705,4949780.078058023
1078,5575935.923186709,4949510.01685606
1079,5575763.075359055,4949509.771333168
1080,5577963.74191705,4948901.39769345
1081,5564261.611764508,4951391.012500095
1082,5575643.26038712,4949500.441478847
1083,5575752.76341489,4949482.2728149425
1084,5576303.7158676265,4949584.410167919
1085,5576680.838402028,4949770.025165319
1086,5576908.192221595,4949829.441606286
1087,5576970.173550441,4949845.355647671
1088,5577279.422216394,4949929.123734518
1089,5577596.560641783,4950056.466152957
1090,5577859.754331089,4950114.799318798
1091,5579277.805817304,4950884.93599759
1092,5579388.916609664,4950946.741375721
1093,5579458.360854823,4951013.407851073
1094,5579797.2487712605,4951382.156792842
1095,5579634.964921942,4951268.203358363
1096,5579911.914283144,4951413.061623531
1097,5580302.786076616,4951435.649691999
1098,5580581.699617721,4951636.978128315
1099,5580943.10871327,4951772.506539073
1100,5581577.538810213,4951949.282727075
1101,5581970.374783627,4952088.739497569
1102,5582383.352461464,4952236.321008079
1103,5571173.432130765,4951535.9806733
1104,5571270.678789268,4951694.9432322215
1105,5571653.374280924,4952044.154714614
1106,5571910.824427889,4952196.679002998
1107,5571495.275690325,4952567.385764554
1108,5571777.594602173,4952377.291030575
1109,5572266.9473827155,4951577.3874470005
1110,5572457.042116729,4951392.9390912345
1111,5584101.403087649,4953155.762813552
1112,5572633.961968156,4952435.636939001
1113,5572938.866392952,4951552.919807949
1114,5584431.95769462,4953404.373211231
1115,5573311.527356631,4951810.77108075
1116,5573896.868567239,4951584.9159512445
1117,5574118.727992355,4951588.474103023
1118,5573796.658876884,4951946.476549561
1119,5584487.860312031,4953726.24728753
1120,5574054.846514907,4951897.234577359
1121,5573959.91979103,4952329.296815395
1122,5574225.299568171,4952306.711302449
1123,5600110.190422892,4957820.449223303
1124,5601252.890644155,4958579.1766295815
1125,5587747.22595932,4955437.006266837
1126,5574310.372424859,4952657.157986075
1127,5572942.630645379,4953004.039014687
1128,5577365.077283839,4947540.5750604
1129,5602577.05950333,4960832.85596697
1130,5572721.1015484,4945549.25260139
1131,5578092.7672549,4947685.209091914
1132,5581943.129592223,4941725.440704686
1133,5587865.281176399,4948575.220402134
1134,5587386.846293331,4948985.089783078
1135,5582952.795273667,4949719.661562359
1136,5580075.025754151,4948444.665221127
1137,5579133.361789789,4948377.998745739
1138,5577834.794076349,4948439.293303874
1139,5577266.655049988,4948434.873899103
1140,5576854.201663621,4948323.832234442
1141,5577014.748982003,4948356.797749446
1142,5577207.640275106,4948927.319260633
1143,5578606.465426276,4949146.122568801
1144,5578460.38536435,4948296.890263248
1145,5578631.269012759,4948338.138040451
1146,5580729.190544229,4948569.66486202
1147,5581917.341929955,4948614.105311713
1148,5582116.215142318,4948644.550099131
1149,5582190.36293144,4948726.063564119
1150,5582226.408470025,4948862.025134129
1151,5582429.185666837,4949301.607205467
1152,5583608.500796302,4949837.789368142
1153,5584350.960785967,4949786.720691604
1154,5584822.363954009,4950112.774549501
1155,5585156.274531453,4950146.16560719
1156,5578823.50790536,4948358.234636278
1157,5568966.29507522,4947326.49952371
1158,5563487.091625902,4959034.966500511
1159,5586439.86607456,4949716.010216283
1160,5586731.546784828,4949692.931102825
1161,5563576.391825503,4959138.554732048
1162,5563601.395881391,4959199.27886778
1163,5563576.391825503,4959267.147019474
1164,5596020.940345119,4955766.579194855
1165,5563885.472525371,4959619.099910052
1166,5563622.7902542995,4959428.402684419
1168,5596028.084361113,4955486.176568086
1169,5579384.777516024,4950866.774095359
1170,5579667.388037537,4950540.145317433
1171,5579803.498758221,4950377.993004875
1172,5579932.66505423,4950143.271456211
1173,5579920.859532682,4949018.27468442
1174,5579923.63730249,4949243.274038763
1175,5579980.58158358,4949752.99479826
1176,5575733.121621427,4947904.0542883715
1177,5575786.843618182,4947986.3332010135
1178,5575861.148960515,4948118.971709285
1179,5576058.717838015,4948237.721368522
1180,5576292.42183873,4948252.696214602
1181,5576413.489869161,4948338.510938586
1182,5576746.56308645,4948341.193293788
1183,5576535.452581142,4948332.859984367
1184,5576628.507869667,4948351.609930562
1185,5576371.04760273,4948150.41143563
1186,5575495.957045215,4946310.184478334
1187,5578230.576322912,4943342.246546953
1188,5577778.504570145,4943788.428580199
1189,5584454.218702192,4943890.7560675675
1190,5577282.614015039,4944349.870818377
1191,5577232.281905952,4944402.1671073325
1192,5575956.54708278,4945449.320498585
1193,5582899.76941506,4943245.286974175
1194,5580888.966954662,4945466.12406569
1195,5576264.432277012,4945302.498053465
1196,5575651.870216159,4949648.539668539
1197,5576211.147957632,4977325.137899416
1198,5575116.706653776,4976383.473934909
1199,5574221.685215519,4974881.082670006
1200,5574040.623178034,4948033.0569974845
1201,5620086.42114992,4961061.84524558
1202,5569045.890718331,4947298.314360243
1203,5568686.169528643,4947468.279150127
1204,5567275.828227712,4949169.955800573
1205,5566897.649564086,4949276.016470459
1206,5566617.362839438,4949408.125038227
1207,5566550.411769921,4949452.301233277
1208,5566531.661823735,4949472.092843139
1209,5566477.84253376,4949415.148562132
1210,5566358.091097312,4949426.293701848
1211,5567179.4303086605,4949222.973263459
1212,5566966.855183936,4949253.415905649
1213,5565883.399795763,4949476.6067188
1214,5565121.639872083,4949480.308647885
1215,5566118.461154038,4949262.284682743
1216,5566355.144827927,4948843.91437127
1217,5567018.11876133,4947368.279436521
1218,5567052.428680323,4947310.871985959
1219,5566960.603272523,4947296.140636126
1220,5566304.926364781,4947148.835621043
1221,5566675.758633788,4947244.668679324
1222,5566115.514885372,4946962.230058785
1223,5565862.91374483,4946869.322534084
1226,5565154.2352233,4946669.670329278
1227,5565721.594706354,4946842.58649936
1228,5566002.083498947,4946903.30466203
1229,5566215.3432895085,4947054.391446783
1230,5566426.453794793,4947215.502095425
1231,5566552.147878485,4947249.182554315
1232,5566740.615128724,4947236.233149146
1233,5567369.5066441,4946793.281084663
1234,5567368.812201649,4946714.809087659
1235,5567223.312331305,4947040.306207049
1236,5567413.950961652,4945905.7836312195
1237,5567441.728660039,4945791.200626434
1238,5567643.099923411,4945572.786251706
1239,5567745.529297582,4945463.844814087
1240,5567814.644256647,4945387.035119529
1241,5567897.2192932805,4945299.76769894
1242,5568332.698325716,4944823.842291146
1243,5568366.465014719,4944759.402336353
1244,5568381.1963637145,4944689.673951108
1245,5568358.392696529,4944332.177035461
1246,5568353.206800824,4944265.411099848
1247,5568351.2426212,4944174.567780811
1248,5568357.135160799,4944131.846868725
1249,5568384.142634037,4944062.609528368
1250,5568430.791905857,4943997.791592789
1251,5568496.591931371,4943949.178141102
1252,5568900.721939186,4943734.100445418
1253,5569332.841509833,4943000.479265326
1254,5569388.820636037,4942905.216541801
1255,5565190.0034487825,4954435.888887838
1256,5561175.602526003,4936215.896468852
1257,5562414.017931662,4937216.64611055
1258,5574098.758739103,4944648.647732079
1259,5574341.5001688,4936288.571123734
1260,5561344.521994637,4936591.054823071
1261,5561756.999766524,4936915.144500983
1262,5574361.773669801,4954291.790370077
1263,5564172.863548945,4951348.650381938
1264,5562783.283746562,4937852.058297152
1265,5563475.073379557,4939042.909000933
1266,5564021.699152237,4939949.80239409
1267,5564405.626264486,4940095.683757213
1268,5565869.510952184,4941501.235278721
1269,5565891.733110629,4942012.344922958
1270,5564188.897498039,4951365.630348915
1271,5565277.792176639,4940387.814504229
1272,5564835.851706759,4940381.921964631
1273,5566183.398940223,4942531.787876613
1274,5566350.06512859,4943745.67328165
1275,5566947.345063074,4944001.905457708
1276,5566882.527127491,4943966.550220115
1277,5566612.452395897,4943918.427813394
1278,5566497.286928404,4943954.70045941
1279,5566504.231352918,4943884.5617718175
1280,5566620.897684754,4943880.395117107
1281,5567263.256952312,4944265.810677642
1282,5567661.324444474,4944325.995135568
1283,5567812.566294169,4944279.836908714
1284,5567875.420049928,4944292.604077802
1285,5568296.587320096,4944442.199060225
1286,5568431.309155669,4944450.532369644
1287,5568614.641962843,4944414.42136217
1288,5568739.6591910785,4944421.257858995
1289,5568808.405486394,4944406.526509999
1290,5569058.838419329,4944637.317644272
1291,5569840.680111147,4944771.017560671
1292,5569660.819516641,4944345.671558796
1293,5569670.194489738,4944303.657790483
1294,5569808.041316347,4944173.797052067
1295,5569904.568817094,4944071.714011708
1296,5569935.844730274,4943833.968078361
1297,5574120.5299353935,4936685.335455159
1298,5575150.592943251,4940248.616411738
1299,5574438.528982304,4936852.792395639
1300,5567169.1025942685,4955681.695472873
1301,5567198.289734787,4955740.0697539095
1302,5574453.786544436,4937035.023750323
1303,5567291.157909223,4955884.678768224
1304,5573469.48914182,4937734.579420886
1305,5573038.93482193,4938173.467050192
1306,5572732.83686008,4938410.867467459
1307,5572545.880681457,4938542.910434311
1308,5568961.168747679,4940874.848185687
1309,5568933.391049622,4940822.070559378
1310,5568352.837160231,4940142.905841852
1311,5568338.948311217,4939945.684185624
1312,5546752.899150543,4949602.600915382
1313,5548327.90202275,4950666.367742151
1314,5549313.920315622,4949941.5853714775
1315,5556007.8452998,4955325.402384841
1316,5560905.636311073,4954051.199259255
1317,5562764.624039718,4954429.736365806
1318,5558661.198308031,4954962.307755525
1319,5551060.076216758,4951801.663704749
1320,5551995.939659031,4952395.648454987
1321,5554075.092311462,4954382.596048988
1322,5555022.319862472,4955134.529483454
1323,5573864.85102206,4948175.68018185
1324,5551900.106600783,4949312.323970485
1325,5550722.332203125,4949712.322822519
1326,5555581.618268929,4948550.9460260235
1327,5554690.862699584,4948865.214804623
1328,5557924.884849414,4947792.772597599
1329,5560238.688731881,4946930.497636294
1330,5562133.410565445,4945598.445740014
1331,5563389.233237394,4944422.239947043
1332,5564330.626481899,4944540.115443934
1333,5562172.299342799,4975245.582877359
1334,5562878.546472236,4972174.137277419
1335,5564422.391847128,4968709.323993326
1336,5564382.01522337,4967970.60375592
1337,5564444.515044002,4967479.285721519
1338,5563966.738637502,4960590.06938181
1339,5564024.7245833045,4962054.995732555
1340,5566509.786894789,4958092.854326341
1341,5567069.507510662,4957961.604703015
1342,5564748.680837968,4960190.070529698
1343,5565088.739867154,4959920.60118149
1344,5565487.567606452,4959243.545468281
1345,5564894.51375291,4966740.0517318
1346,5562558.842300288,4960750.142661723
1347,5565324.377928028,4960100.6809743475
1348,5573786.891600352,4943004.188932973
1349,5574409.455403412,4949511.024406612
1350,5564060.982752162,4969711.055724987
1351,5563346.021280833,4970810.99645011
1352,5573126.998831716,4943513.421252146
1353,5566005.780354103,4959988.88838882
1354,5566463.597609121,4959664.157545142
1355,5566644.595128548,4959397.984722457
1356,5575529.612938202,4949889.120355798
1357,5564791.736270193,4965181.722870679
1358,5573387.6414094195,4943854.667170083
1359,5567480.377791782,4959280.868680474
1360,5573908.290658033,4943888.526736574
1361,5564500.76488318,4964563.669088804
1362,5566410.363044584,4957928.710741233
1363,5566338.4963824805,4957729.081124206
1364,5565267.320492842,4960007.430156047
1365,5575516.438055651,4949924.880751296
1366,5565451.768848574,4960551.364592844
1367,5575553.139514263,4950265.545571526
1368,5575611.48542396,4953075.559806568
1369,5575617.131802197,4953231.776271122
1370,5575581.371405675,4950420.350441365
1371,5575609.603297009,4950685.2596868705
1372,5564353.543083775,4963680.3382903915
1373,5564248.682273603,4963569.921940609
1374,5575543.728884285,4950850.886781792
1375,5564211.876823675,4963417.839043734
1376,5564221.063411864,4962897.806813483
1377,5575475.972345446,4951370.353579572
1378,5564189.65466538,4962358.119862706
1379,5563911.183242589,4961742.843850559
1380,5563897.29439356,4961456.733560551
1381,5565105.478527787,4960876.634941641
1382,5563951.970770535,4961165.891216148
1383,5564974.82210075,4960784.219420079
1384,5563924.472252549,4960960.143375068
1385,5563536.546728977,4959723.201104209
1386,5563526.725829645,4959579.815973964
1387,5563546.367628309,4959405.00396586
1388,5563538.510908844,4959308.759152406
1389,5563338.962662914,4958681.741524205
1390,5563184.796438684,4958726.880283551
1391,5563219.51856126,4958665.7693478195
1392,5563289.657248859,4958649.102728984
1393,5563417.434659932,4958710.908107167
1394,5563339.657105365,4958749.102442
1395,5563354.240396848,4958794.241201345
1396,5563307.0183101455,4958913.685303002
1397,5563255.629568833,4958947.01854061
1398,5563180.629784071,4958962.296274542
1399,5565176.63691768,4959789.98321949
1400,5565323.950407659,4959385.3621670185
1401,5565954.232935381,4958991.462857471
1402,5566188.954483983,4958715.07476178
1403,5566093.908915297,4958864.854502417
1404,5566410.141873782,4958216.675146514
1405,5566582.703353979,4958033.1322744135
1406,5566654.230926482,4958004.660133901
1407,5568094.426109299,4957194.319526004
1408,5567425.622864737,4957827.7675329475
1409,5568481.369543055,4956577.567047911
1410,5567579.810984265,4957711.88092082
1411,5567732.034923872,4957561.621161065
1412,5568332.09187329,4956841.74923989
1413,5575873.64891296,4976478.912670892
1414,5575993.093014618,4976537.245836817
1415,5576095.87049751,4976954.605750162
1416,5568467.878961037,4960744.81920674
1417,5567738.552033296,4959096.481134505
1418,5576042.479939282,4976587.158391684
1419,5575762.584308413,4976431.988182229
1420,5575710.042496986,4976418.729968131
1421,5567123.706206577,4958343.940346302
1422,5566614.922762521,4958183.6499873195
1423,5567574.807062679,4958913.914905873
1424,5569428.762850857,4960428.07354777
1425,5569974.517813089,4960788.512480291
1426,5645728.98340672,4964616.94632456
1427,5570945.694869754,4960775.337597723
1428,5570765.951829269,4960822.390749674
1429,5574178.52887429,4947918.07241525
1430,5571236.741748882,4960688.922913947
1431,5570103.4434497515,4964581.93759189
1432,5569960.401867765,4964496.300855304
1433,5674115.08920103,4979131.11565643
1434,5572937.1115710735,4973869.2245014515
1435,5568361.065232659,4963471.9537368
1436,5569871.275168796,4964224.363430924
1437,5567680.206124134,4961266.572503764
1438,5625831.25751278,4960684.93601391
1439,5570027.832357179,4969795.598517419
1440,5569744.499837004,4969506.710457578
1441,5567522.013820409,4945706.307443011
1442,5651698.18498114,4971287.94154582
1443,5570345.376237522,4968464.783598891
1444,5570530.608692212,4966653.94086672
1445,5570238.942862634,4965708.110247729
1446,5574207.673405338,4949204.478135855
1447,5570222.276243827,4964609.502289415
1448,5570627.236048508,4963616.205598506
1449,5571387.550677537,4961026.179239548
1450,5571251.84524606,4960673.864158547
1451,5569063.946234838,4956898.413307659
1452,5571666.549167403,4960762.162710674
1453,5578905.206068448,4953380.464227848
1454,5578769.692990745,4953395.52123648
1455,5574135.898583407,4956706.181009981
1456,5578653.001173834,4953602.555105193
1457,5578269.047453679,4953700.425661312
1458,5573401.254718904,4945768.967928229
1459,5573551.861308082,4945823.045935383
1460,5573578.980188991,4945846.02165393
1461,5572334.859127141,4946221.20062679
1462,5578043.192324192,4953640.197626768
1463,5570733.301761618,4959742.8429016955
1464,5573983.01419308,4955306.19073986
1465,5570838.385384515,4960172.016202497
1466,5570909.095859708,4960296.74162402
1467,5573243.227991437,4946190.791023238
1468,5597045.8603664,4956649.9795447
1469,5571088.818317533,4960554.0491865035
1470,5571167.412420986,4960644.930333384
1471,5573153.972603034,4946259.269888021
1472,5653745.07927616,4975802.8309531
1473,5571310.034075385,4960808.410479028
1474,5571303.896013301,4960934.609035449
1475,5573048.669468482,4946324.368622911
1476,5573888.494018539,4944156.159899098
1477,5570992.573504721,4961398.646528789
1478,5573974.81891678,4955197.15935089
1479,5574011.07423609,4955095.36093711
1480,5570747.051021451,4961771.840703404
1481,5654251.24176731,4978409.19738905
1482,5570623.307689947,4962122.446809538
1483,5631600.71952045,4965118.34376504
1484,5570733.30176247,4962499.569343908
1485,5574118.95476069,4954984.96932147
1486,5574181.99995111,4954900.96118435
1487,5569927.832645612,4961595.622049241
1488,5607800.18079924,4962182.33680556
1489,5567751.003551747,4945422.541219255
1490,5567463.076557033,4958831.036610874
1491,5564126.218412931,4951422.869771201
1492,5571760.076788347,4972864.300976888
1493,5567902.297001213,4963403.726666332
1494,5567956.878657718,4962634.878163048
1495,5565267.320491399,4961676.875988793
1496,5567286.071629932,4958567.525516437
1497,5567357.938292054,4958703.273656003
1498,5658940.30453319,4975944.10967284
1499,5564359.501444225,4961659.122852031
1500,5571332.376623556,4971793.086381934
1501,5567262.116075738,4960786.075993525
1502,5568805.918447755,4960098.019246646
1503,5567764.901798338,4959137.887908276
1504,5568244.293791901,4959634.878535186
1505,5570651.441681852,4970985.872878578
1506,5568169.765401552,4959475.17484158
1507,5568096.567875359,4959417.28225262
1508,5567943.518502319,4959370.702008653
1509,5567790.46912928,4959185.046464835
1510,5567986.106153948,4959384.676081843
1511,5568111.207380809,4961154.7253525555
1512,5568245.624656238,4960959.088327899
1513,5570529.027058181,4967743.92958692
1514,5567947.511094838,4961310.436453836
1515,5567891.614802073,4961331.730279651
1516,5568320.128992035,4960869.443900568
1517,5569579.271338853,4960573.950106155
1518,5569220.482619673,4960265.7081246255
1519,5562150.519705899,4960393.26600241
1520,5571074.376329563,4960717.536491176
1521,5568956.287607074,4960260.576113859
1522,5575404.451554445,4951731.7217867235
1523,5575329.814333549,4952142.113575564
1524,5570340.465791538,4964239.832704684
1525,5570476.976292269,4964013.952020022
1526,5570513.942077102,4963809.50458377
1527,5570660.599697225,4963409.141814584
1528,5570785.352531501,4963179.175576631
1529,5570765.710732833,4963020.077007434
1530,5570757.854013367,4962877.6739671035
1532,5570746.580298744,4963099.7843981
1533,5570706.565024343,4963091.107253275
1534,5570676.897836209,4963109.913567264
1535,5570669.1908290675,4963152.533728764
1536,5570676.4416111335,4963203.950765838
1537,5570631.0230069775,4963229.88154494
1538,5570632.271905385,4963276.598165378
1539,5570677.1360535845,4963304.644921319
1540,5570880.615255374,4963468.892106819
1541,5570613.2473481605,4963272.0061260415
1542,5570561.16416447,4963117.839901712
1543,5570677.830496339,4963090.7566460995
1544,5565111.179804413,4953123.42413833
1545,5566780.619458101,4955026.196455663
1546,5565923.516317321,4954277.021375543
1547,5566283.745884308,4954701.8918305375
1548,5565379.929539553,4953465.324045382
1549,5565631.344562527,4953820.840601227
1550,5565757.052073996,4954111.539221498
1551,5564534.792570204,4953505.3674862245
1552,5567162.422768795,4954602.584188049
1553,5567645.6110161,4954586.870749049
1554,5567468.834828117,4955643.599517323
1555,5566862.563668264,4955194.251528348
1556,5566887.437587667,4954794.091724904
1557,5566698.876320462,4954964.97537331
1558,5566432.729948521,4954886.4081786405
1559,5566343.467935793,4954829.669241172
1560,5566322.634662243,4954809.18318885
1561,5566238.9543468235,4954625.155939172
1562,5566211.523870091,4954597.031019805
1563,5566121.593572928,4954524.982615219
1564,5566139.562271579,4954543.038118806
1565,5566059.093752816,4954424.462069959
1566,5565984.093968147,4954328.97623278
1567,5566510.315055037,4949558.570288647
1568,5566506.386695304,4949619.459864519
1569,5566519.644909404,4949683.295710189
1570,5566620.800172544,4949882.168921705
1571,5564033.827917938,4951273.34021852
1572,5564207.472443992,4951364.330059005
1573,5564099.2861254,4951277.3970867675
1574,5564019.996778188,4951253.024889129
1575,5564656.738279835,4951524.107330529
1576,5564872.29160422,4951491.484374441
1577,5564030.683702149,4951219.400687147
1578,5564155.71177303,4951320.1993735
1579,5564257.10150419,4951253.6495195
1580,5565736.178014119,4951587.317432739
1581,5564231.971477883,4951332.375991525
1582,5566480.620322355,4951576.206353467
1583,5566436.176005449,4951731.76146264
1584,5565994.68421716,4952395.995667373
1585,5564366.728926331,4950983.549682446
1586,5565607.70616097,4952701.203124881
1587,5565442.776078773,4952825.161102443
1588,5565385.484576657,4952851.202694269
1589,5565225.068370321,4952919.258054531
1590,5565160.485222315,4952974.119008212
1591,5565125.763099732,4953033.146616604
1592,5565068.471597543,4953128.632453653
1593,5564883.402684171,4953206.4100082405
1594,5564724.630034947,4953328.322496985
1595,5598417.757701744,4950447.859307071
1596,5581773.858376512,4953888.207289513
1597,5564406.678419299,4953651.430084852
1598,5564321.236595139,4953773.2092365585
1599,5565845.899922638,4954224.809863289
1600,5598732.09440434,4951162.260903881
1601,5565519.511970349,4953620.6449303245
1602,5565429.234451629,4953530.367411607
1603,5565287.5681914855,4953398.423345788
1604,5565163.957435088,4953333.145755329
1605,5565106.908542006,4953235.514997912
1606,5598332.0295101255,4952219.575267159
1607,5547557.943521035,4949896.409224127
1608,5547813.286903735,4950049.615253747
1609,5572903.9704273585,4946453.630333413
1610,5572637.726219809,4959550.073517872
1611,5547169.035907384,4950155.680966561
1612,5574927.893372724,4955746.093593995
1613,5572924.601202548,4946455.025231202
1614,5564203.581141213,4951382.59690126
1615,5573971.31982582,4943887.6605954
1616,5569188.890210123,4946222.799637223
1617,5575690.53471994,4952326.473626735
1618,5575863.690319206,4952194.724801207
1619,5576119.659465948,4951758.071550884
1620,5576341.750343268,4951400.467595879
1621,5548828.879719248,4950315.797462388
1622,5549027.031146659,4950087.2841227
1623,5576232.587030687,4951577.387447302
1624,5576586.150058179,4950803.264276451
1625,5576870.954978494,4952288.508627098
1626,5576671.32536147,4951961.116055177
1627,5576485.004385581,4951718.89878652
1628,5549535.079050218,4949839.653524319
1629,5549549.391792924,4950244.930133385
1630,5549875.034029978,4950383.445932704
1631,5577094.540149563,4949491.03226053
1632,5576844.337696224,4950124.5235785525
1633,5550403.970501556,4950894.804454893
1634,5581483.718791148,4941831.738610263
1635,5579816.155085209,4941788.449710414
1636,5550737.418871355,4951391.248353557
1637,5550891.023095731,4951584.301528834
1638,5580282.922352798,4941869.381131812
1639,5553200.647786228,4953203.901360611
1640,5553587.8451414,4953759.838419149
1641,5556355.477598272,4955117.2890688935
1642,5556472.992748862,4955096.196605966
1643,5556763.767416347,4955114.275859903
1644,5557382.949000924,4955126.296226733
1645,5558205.38395765,4955107.12028213
1646,5558358.791514342,4955075.160374488
1647,5559370.193192336,4954624.629399043
1648,5559880.932116059,4954374.533052913
1649,5560228.957754345,4954249.48487985
1650,5560489.452024004,4954095.056540021
1651,5558874.520313562,4954876.232349669
1652,5559270.757295684,4954693.933205802
1653,5559478.668715983,4954550.805778778
1654,5560397.833622145,4954139.800410673
1655,5560655.643543845,4954033.267385161
1656,5560745.911422371,4954022.929228289
1657,5560823.689879519,4954032.910482974
1658,5561643.20469086,4954212.242867295
1659,5562527.404150202,4953859.42878733
1660,5562329.826138588,4953773.3867500145
1661,5562103.567447868,4953238.014073381
1662,5562537.016774745,4954410.394294629
1663,5562113.127674235,4953107.357646347
1664,5563141.2242438095,4954404.665141929
1665,5562772.7832936905,4954315.132910867
1666,5563743.866041861,4954345.907566532
1667,5564035.936443511,4954220.765509109
1668,5564332.948399377,4954043.080063041
1669,5564174.75492742,4953923.305005703
1670,5564212.003319536,4954088.153381129
1671,5564152.155860058,4954010.688066356
1672,5564189.838985024,4953987.440613516
1673,5564130.419237504,4954078.656764697
1674,5564227.486084915,4953899.199333647
1675,5564131.816699494,4953908.992262864
1676,5564262.891290543,4953896.186124659
1677,5564322.40216809,4953995.622021316
1678,5564306.530328491,4954124.885785978
1679,5564223.434568613,4954065.227291708
1680,5564279.897072119,4954082.272575786
1681,5564316.118300784,4954018.352760494
1682,5564280.602194698,4953975.552716256
1683,5564237.190727236,4953963.6146212015
1684,5564315.052970613,4954056.171984477
1685,5564114.238217572,4953990.121508674
1686,5564061.504369958,4953957.0962707745
1687,5564021.021820272,4953969.880233832
1688,5564004.509201321,4954023.679411703
1689,5564033.273118203,4954073.749933681
1690,5564070.248495037,4954097.833008141
1691,5564055.733172622,4954110.12396283
1692,5563998.64988496,4954048.182007533
1693,5564001.845875727,4953980.000871222
1694,5580712.04709885,4941703.754036827
1695,5550205.518051743,4949554.905272669
1696,5551392.722393665,4949844.173335677
1697,5551561.462097086,4949801.988409822
1698,5552190.529340178,4949535.443047882
1699,5552482.429830009,4949503.483140236
1700,5552576.178892437,4949471.5232325895
1701,5578777.22148969,4942829.265432029
1702,5552691.234559962,4949333.030299459
1703,5579025.662132116,4942682.459597869
1704,5580911.458427263,4942708.94873801
1705,5580586.727583568,4943555.378314196
1706,5580339.386135261,4944643.634972167
1707,5553601.404583148,4948759.418099313
1708,5554346.757776073,4948762.013282774
1709,5579324.920183337,4952128.850385624
1710,5554911.38281115,4948915.420839475
1711,5581065.886805998,4942392.612178515
1712,5555419.545342751,4948613.932377312
1713,5556234.949240191,4948283.331078848
1714,5579706.991772742,4947481.88109927
1715,5555834.192444565,4948259.225406929
1716,5556733.097547014,4948429.6302432
1717,5556458.24234126,4948352.926464851
1718,5579221.403244352,4948114.275461819
1719,5556848.153214553,4948406.192977573
1720,5562181.196470419,4943959.504493756
1721,5583215.184209998,4943137.48698096
1722,5562296.252137944,4944172.57054473
1723,5562330.3427061,4944338.762064488
1724,5561891.426641144,4944279.103570159
1725,5562300.5389364995,4944441.489616904
1726,5561993.191619551,4944893.470965361
1727,5560512.721139935,4946125.397455342
1728,5561947.993484692,4945235.470185703
1729,5569223.546030706,4946200.094099602
1730,5571307.063083142,4952781.007074035
1731,5573480.918704463,4951837.1208453765
1732,5568473.864947231,4946872.496686707
1733,5568435.62404176,4946964.91220826
1734,5583503.24007632,4943248.509014524
1735,5583656.365663714,4943406.321531849
1736,5576744.525326613,4948503.875558648
1737,5558961.768440349,4947509.184902815
1738,5574368.930446374,4952502.777748579
1739,5560303.158012192,4946368.761087559
1740,5559379.232821065,4947564.680734639
1741,5560767.351606978,4946341.720683978
1742,5574194.587247501,4952585.291323619
1743,5574302.387240698,4952486.807379217
1744,5559765.5601176815,4947208.229105773
1745,5574247.82181204,4952398.970347724
1746,5574197.248975729,4952649.172801067
1747,5574235.844035019,4952670.466626883
1748,5573040.466414523,4948260.322876673
1749,5576980.085838207,4948680.536013775
1750,5576998.717935797,4948928.076738899
1751,5560585.331749029,4946595.131543846
1752,5560815.443084083,4946424.678703065
1753,5572828.548063351,4948421.253353881
1754,5572979.351591239,4943917.191256719
1755,5561601.656812182,4945977.239996016
1756,5576891.331160679,4947035.817217038
1757,5572955.24591951,4944345.066933049
1758,5572397.80225659,4943760.504389016
1759,5561249.6823018165,4946185.007668041
1760,5576689.957461389,4946584.425034955
1761,5561099.886262437,4946371.4121899875
1762,5573904.458870802,4951637.716074749
1763,5574273.293783809,4951656.436741742
1764,5577354.058654138,4949396.54090686
1765,5577813.20677335,4949711.955701754
1766,5576468.496791778,4948311.029323463
1767,5576940.159915254,4949836.557854121
1768,5572317.383113746,4944137.82120811
1769,5572133.511707207,4944526.260192921
1770,5562362.3026145995,4945464.8161429465
1771,5576951.804976413,4949803.785325219
1772,5573360.294120219,4944608.364348885
1773,5562757.605076061,4945223.793999829
1774,5573648.859046996,4944727.412952244
1775,5535546.236650453,4953936.111145942
1776,5562969.540860129,4944796.854072864
1777,5562876.857127992,4945035.488049921
1778,5565315.254531902,4944284.802748172
1779,5564157.38409505,4944546.501462216
1780,5565069.306792624,4944378.179282599
1781,5564890.957041301,4944343.560323191
1782,5564490.832464842,4944500.6922612535
1783,5564633.586719001,4944441.0337669775
1784,5564727.335781433,4944373.9179609185
1785,5564805.26891101,4944348.833438547
1786,5563673.8089353815,4944509.286817193
1787,5573181.388752027,4945836.613474957
1788,5572889.313663083,4946196.882675516
1789,5573145.8313900605,4946317.965517261
1790,5573509.652065835,4945883.757268413
1791,5576929.513002511,4949868.332234724
1792,5576918.533373574,4949899.607541394
1793,5576974.429666344,4949741.567427907
1794,5581771.196648296,4952560.004904137
1795,5581868.3497287035,4952044.960492112
1796,5565700.945283638,4944084.42434928
1797,5565769.22877138,4944110.781387304
1798,5566032.365344373,4944168.309221049
1799,5565969.510859331,4944218.379743031
1800,5565978.03350137,4944297.214181898
1801,5566014.787395212,4944344.08871307
1802,5566168.72761705,4944359.536001769
1803,5566375.401686553,4944394.159235008
1804,5569629.985615656,4945145.21706453
1805,5569044.100659619,4947336.430150139
1806,5563496.782915734,4960099.630125469
1807,5563377.761160603,4960309.048150319
1808,5564917.460742538,4960825.647067675
1809,5564869.659610694,4960771.47245159
1810,5562643.549811273,4960467.862116836
1811,5562473.798463639,4960513.1930592945
1812,5564154.188113342,4959210.772415579
1813,5565155.598553252,4958588.619546527
1814,5565530.594803085,4958183.794049549
1815,5566133.57172757,4957265.479369535
1816,5565880.0231269365,4957780.033882731
1817,5565994.013464158,4957533.942593833
1818,5566966.659987437,4955673.875968049
1819,5566964.529326971,4955409.674064722
1820,5567066.801031473,4955586.518887089
1821,5567557.082031314,4955667.199699785
1822,5568163.812867241,4957095.431379662
1823,5566987.585532073,4955499.966600802
1824,5566913.761911802,4955254.390068061
1825,5566939.374188222,4955442.715629979
1826,5566969.50627816,4955751.569551502
1827,5566943.894001772,4954686.400173272
1828,5567573.654680826,4954606.550135019
1829,5567052.369525437,4954626.135993459
1830,5567806.14022869,4954445.550183681
1831,5565896.00308107,4957691.611471355
1832,5565846.997889331,4957883.370917295
1833,5565752.169845984,4958008.463085488
1834,5565288.135661449,4958498.109546457
1835,5565095.290286103,4958632.197346506
1836,5564962.709090514,4958674.382272375
1837,5564827.114685931,4958743.686079161
1838,5564534.833413863,4958962.143730968
1839,5564198.860611399,4959165.535337842
1840,5564097.7256104145,4959275.757560772
1841,5563991.192584893,4959432.36110829
1842,5563832.458376864,4959686.975039291
1843,5563169.82295815,4960521.128629111
1844,5563086.727198242,4960531.781931663
1845,5564656.147888463,4960761.91222522
1846,5564378.90132378,4960981.797431695
1847,5575399.019267473,4952509.432070862
1848,5575654.774323776,4953374.81785312
1849,5575620.896054393,4953697.602475641
1850,5575476.209386081,4952802.222175804
1851,5575479.736597679,4951133.205693581
1852,5575627.483495669,4953732.421808101
1853,5575706.532790985,4953847.2314989185
1854,5575341.792110703,4952056.938272221
1855,5575427.300130312,4952604.921570739
1856,5575707.4738541,4953897.107839964
1857,5575771.466140785,4954061.793871873
1858,5575820.401418839,4954150.253797584
1859,5575908.86134455,4954393.048061772
1860,5575899.450714191,4954494.682870012
1861,5581025.912745166,4948564.750834813
1862,5579300.452538891,4952232.367323093
1863,5579206.346234941,4952548.564504358
1864,5580147.409279288,4946774.201690828
1865,5578126.00586566,4953632.669125815
1866,5577026.844235557,4954159.664427918
1867,5576200.199464804,4954809.165258328
1868,5575952.658739697,4954542.992435634
1869,5559603.097263991,4962954.34293185
1870,5559880.083130354,4962832.895282749
1871,5567667.161249018,4946355.24089008
1872,5567921.791716027,4945956.394937328
1873,5576492.989569772,4954087.836908823
1874,5567477.878423985,4946616.6314579835
1875,5572133.316430274,4960167.410871955
1876,5564570.105851149,4960851.141004658
1877,5561921.255899531,4961767.56502743
1878,5560172.462727865,4962171.623613159
1879,5560354.046022714,4962485.143028097
1880,5562309.57857484,4960739.937035111
1881,5573309.187984125,4944231.837488341
1882,5573733.123266847,4944395.040790101
1883,5573812.328479105,4944434.6433962295
1884,5573147.693437153,4944171.199972824
1885,5573785.299699551,4944761.617213983
1886,5573742.629923317,4944860.084793248
1887,5573469.902411076,4944757.811976158
1888,5573161.866426267,4944647.016424309
1889,5571783.9863044415,4944190.140349614
1890,5571660.012928734,4944577.5571487
1891,5571524.283819324,4944929.484204807
1892,5572995.064331818,4945103.591500531
1893,5573299.447716155,4945219.257186411
1894,5573566.087560715,4945322.747537041
1895,5573670.275653135,4945051.927495809
1896,5567536.465965068,4946562.550650831
1897,5567099.312773943,4946774.367145487
1898,5572356.502241185,4944823.782047403
1899,5572721.194326566,4944998.16660107
1900,5570235.180036745,4947098.779582495
1901,5570530.77645585,4946930.500570404
1902,5570883.861181657,4946128.754736276
1903,5571276.9007635685,4944827.225750101
1904,5571103.854593299,4944989.9408057295
1905,5570576.967746913,4945812.986271935
1906,5571759.8803738,4947065.633922205
1907,5570871.685847159,4947877.13289453
1908,5571188.225363711,4947594.242621315
1909,5571138.722106458,4947865.434380368
1910,5571281.635859022,4947889.109851423
1911,5571379.092949133,4947820.821968074
1912,5571494.284635431,4947696.2623780845
1913,5571286.256017177,4947126.523468459
1914,5571082.927916628,4948096.897697293
1915,5570675.974263551,4947679.474316391
1916,5570518.855228511,4947632.123374141
1917,5570136.295592124,4947619.015783672
1918,5570609.682944915,4947645.037267314
1919,5569437.1014333125,4945880.999441553
1920,5569660.942250592,4945777.688295115
1921,5569938.160493568,4945576.23155953
1922,5569171.936157579,4945808.68163894
1923,5569330.346582113,4945838.81405665
1924,5569820.644064657,4945668.35066496
1925,5569994.981624351,4945541.794510505
1926,5570049.219976228,4945527.15876476
1927,5568498.71298587,4947150.265371142
1928,5568295.384885195,4947142.96016992
1929,5567742.624659463,4947452.213688262
1930,5567325.24941555,4947420.335522882
1931,5567136.292958265,4947412.035081354
1932,5567215.432638168,4947441.864653008
1933,5567177.080331754,4947438.820819166
1934,5567529.288930065,4947482.322210477
1935,5567580.083577064,4947489.209620241
1936,5567873.659418346,4947408.2825553985
1937,5567952.64919513,4947363.33373959
1938,5568018.72548647,4947313.15020805
1939,5568129.800324763,4947217.83848192
1940,5568188.850701414,4947156.353038207
1941,5568233.290675516,4947138.090035152
1942,5568389.743735127,4947173.3985076295
1943,5568450.049523319,4947174.110623063
1944,5568593.60897056,4947058.531277983
1945,5568646.643311872,4946962.765205347
1946,5568939.438297774,4946987.907794855
1947,5573956.938845733,4943854.078678354
1948,5568754.29825543,4946491.681001815
1949,5568795.791170487,4946833.097883366
1950,5569060.225499261,4947242.158771629
1951,5568829.882109523,4946438.617017371
1952,5568796.920931218,4946810.753556928
1953,5565714.965605601,4945720.414220651
1955,5569850.510707421,4944300.622100158
1956,5570689.989212312,4943942.459213038
1957,5570699.858991462,4943679.147745954
1958,5574514.5248262575,4937241.531911211
1959,5570462.392035719,4940599.394814589
1960,5574002.24188106,4937117.6968459785
1961,5570500.632941193,4940459.178161189
1962,5569659.3330209125,4941198.502333538
1963,5568217.8496201895,4932269.58681479
1964,5570406.624048579,4940317.368136713
1965,5570290.307961099,4940312.588023529
1966,5570282.341105791,4940263.193520624
1967,5567169.102594329,4955619.341127149
1968,5570344.482577185,4940237.699583642
1969,5568514.42723173,4939809.209853404
1970,5569521.6822650805,4941368.539793107
1971,5568083.135387759,4957031.639884255
1972,5566366.393673272,4957306.506180534
1973,5575361.4623857625,4937844.5088287955
1974,5566589.663907189,4957011.939569401
1975,5560384.419112311,4933670.61145696
1976,5560596.689225172,4929924.043964965
1977,5558654.417692495,4932248.401700794
1978,5580605.800740665,4948532.1727316575
1979,5574423.072860576,4936056.816206958
1980,5580600.493987844,4948030.684590004
1981,5577364.342643599,4949964.117620541
1982,5577115.307242059,4949071.004726328
1983,5574860.224509865,4940085.963676941
1984,5571261.006242973,4942839.842386392
1986,5568719.483624121,4945145.182827657
1987,5570564.264600829,4942324.7102920525
1988,5568278.676994836,4945229.731120158
1989,5568447.95290486,4944968.293520915
1990,5570359.3663895875,4942133.3715210585
1993,5572855.80562479,4937520.648432724
1994,5570697.97920367,4942558.062533404
1995,5570243.615839847,4939919.772166689
1996,5567401.901756525,4944658.440663683
1997,5566503.965477599,4946595.934044066
1998,5565383.051733437,4946159.01874054
1999,5565843.8018878065,4947385.60659232
2000,5564593.10416805,4948772.666584667
2001,5564531.315013322,4950398.360553571
2002,5570999.673301421,4943135.263509131
2003,5574788.783607162,4940236.5564601105
2004,5574315.7097956445,4940834.678444737
2005,5574258.4588250015,4941238.4484493155
2006,5574036.987964195,4941283.646584171
2007,5572823.418043468,4942683.282160093
2008,5567047.485333757,4946821.687851745
2009,5573100.831595826,4942566.052508845
2010,5573523.235831706,4941565.381624425
2011,5573770.318968936,4941390.615502969
2012,5573877.287888102,4941408.694756912
2013,5565919.973011075,4944514.00888009
2014,5565702.645639013,4944532.119494426
2015,5565894.543970175,4944305.141898695
2016,5565719.158258102,4944692.984362829
2017,5565716.494932599,4944795.788732319
2018,5565654.24055336,4944902.510580899
2019,5565477.328290437,4945156.935688703
2020,5565394.351278011,4945401.949971008
2022,5565575.520468764,4945497.996007398
2023,5565297.175288434,4945377.090996458
2024,5566259.813363302,4944517.737535164
2025,5566316.275866829,4944531.586828482
2026,5566357.824853354,4944552.978337311
2027,5566395.489965643,4944583.863729559
2028,5566597.37496802,4944824.167146569
2030,5565201.407754865,4946534.407708182
2031,5565201.407754865,4946362.8895370895
2033,5565246.151625585,4946244.637878759
2034,5565328.182055239,4946096.556973282
2035,5565458.381969628,4945627.940644747
2037,5565911.983035374,4945416.876270178
2038,5565728.064174674,4945420.78252626
2041,5566242.7680799,4945246.956094201
2042,5566330.657826093,4945188.895595155
2043,5566386.054999367,4945129.237100862
2044,5566588.467747864,4944979.02553487
2045,5566614.03567406,4944935.346994339
2046,5566620.427655591,4944872.492509279
2047,5564484.440493936,4945234.704795931
2048,5564517.465731849,4945220.855502611
2049,5564419.455348365,4944997.136149009
2050,5564123.530387601,4945122.474835654
2051,5564338.974830443,4944775.955801714
2052,5550134.441955656,4955247.743865042
2053,5549823.365521119,4955004.848566843
2054,5549433.4546480095,4954940.9287511045
2055,5549233.172559715,4954640.5056195315
2056,5549196.8463495495,4954362.480205809
2057,5549202.119465259,4954116.903673093
2058,5549337.574924784,4953683.839050231
2059,5549073.373021495,4953221.485719419
2060,5549128.770194788,4952857.142772093
2061,5550015.124967177,4951987.833283782
2062,5550722.504256683,4952064.5370621495
2063,5579522.543416989,4947745.3787503345
2064,5580460.295496937,4946202.467033118
2065,5582906.606107012,4946845.722484578
2066,5585360.898514025,4945772.910619548
2067,5585537.818365463,4944628.577963515
2068,5584969.41628963,4944191.92471317
2069,5580556.117713117,4946072.042349984
2070,5582183.8696927335,4942467.89722481
2071,5581816.44602452,4952275.1999858115
2072,5598160.573126892,4953405.481917864
2073,5613357.87778592,4960696.6136094
2074,5582274.263279563,4955043.3973419
2075,5549239.564541441,4953512.853544057
2076,5598320.797025883,4956429.004077151
2077,5581337.854024338,4948048.401046413
2078,5582022.006849931,4956685.477625515
2079,5581999.421336982,4956459.622496034
2080,5585693.152606047,4954173.494367752
2081,5582530.18089126,4956068.140271604
2082,5582215.70525857,4951817.382730768
2083,5582827.902750782,4950529.106268896
2084,5559100.51100055,4955484.900554465
2085,5559594.574622951,4956019.042969367
2086,5559351.679324749,4955712.227855844
2087,5560434.054864099,4957463.630795539
2088,5562202.503087897,4959717.869615694
2089,5561912.733258459,4959381.225255025
2090,5561904.210616417,4959180.943167033
2091,5561081.77565934,4957821.581761294
2092,5562026.336930669,4959579.851573035
2093,5573750.649847273,4943746.365848868
2094,5573800.355267833,4943621.696916772
2095,5573899.786745753,4943586.876843799
2096,5558167.922817936,4951285.993825652
2097,5559383.75264577,4953664.922323919
2098,5558666.608905944,4952851.355896384
2099,5558148.336959516,4952236.66126225
2100,5559820.424637168,4954161.107004067
2101,5559240.884978294,4953496.34092477
2102,5559215.317052164,4953342.9333680095
2103,5558904.240617622,4953108.560711844
2104,5559025.688266725,4953142.651280013
2105,5558030.669808289,4951706.586095891
2106,5558060.499055437,4952043.23045656
2107,5558158.509438923,4951442.384192578
2108,5561755.064380782,4953146.912601023
2109,5562057.6181732835,4953006.289007323
2110,5562851.956194316,4952001.630960905
2111,5564825.608083344,4950055.097952795
2112,5563903.56613215,4950904.8228882095
2113,5564691.1145644635,4950142.681281014
2115,5564586.712199479,4950184.229160942
2116,5564495.093797523,4950266.2595906
2117,5564288.419728061,4950615.687914279
2118,5564201.062647128,4950696.65301368
2119,5563183.409183486,4951688.257225702
2120,5563719.356407748,4951070.276173297
2121,5563322.432265174,4951395.608649465
2122,5562538.582459481,4952574.140668983
2123,5562302.644132286,4952846.489468785
2124,5561664.751852163,4953196.368325565
2125,5561515.598007116,4953413.319372909
2126,5561017.855844428,4953884.121137414
2127,5565196.08110577,4949499.221806555
2128,5565360.141965086,4949571.664263916
2129,5565146.0105837695,4949319.180993411
2130,5565128.43558729,4948967.329506762
2131,5565303.679461556,4948633.108308999
2132,5565334.574038959,4948499.942027086
2133,5565157.06107275,4948881.45305048
2134,5565277.589432384,4948697.647302035
2135,5565323.92073647,4948350.795791284
2136,5565330.845383263,4948239.468779482
2137,5565362.2726257965,4948000.302137166
2138,5565416.604468816,4947797.889388659
2139,5565472.53430722,4947727.044926681
2140,5565552.434076501,4947685.4970466
2141,5565644.052478458,4947625.305887172
2142,5565726.5575725045,4947510.442959179
2143,5565765.729289386,4947171.456947698
2144,5565758.575481104,4947413.30516618
2145,5565798.121286086,4947072.774353199
2146,5565839.552909714,4946971.831852001
2147,5566376.467029256,4946247.8338668
2148,5566200.384686377,4946427.947629136
2149,5566271.195097664,4946369.9433560595
2150,5565981.229504464,4946549.32232912
2151,5565929.949179536,4946596.687332538
2152,5565881.737835682,4946685.576997771
2153,5563980.558558256,4961447.061781723
2154,5564200.443764731,4961274.977707092
2155,5562914.143699588,4953939.518310099
2156,5564350.220644503,4961061.465984861
2157,5566612.970346198,4967187.96536522
2158,5565790.5353890965,4967130.437531428
2159,5572071.622385748,4946449.793410189
2160,5564725.205133791,4967852.731444532
2161,5572468.558074611,4946597.26220634
2162,5570680.401242233,4946029.973845367
2163,5571183.911451917,4946230.9552368885
2164,5571163.528513357,4946703.262565955
2165,5573393.797421426,4948563.861841565
2166,5573994.47125658,4943542.81200055
2167,5572786.882890872,4947965.060864571
2168,5569825.562042566,4947616.522551063
2169,5572557.513172444,4948300.192602268
2170,5572365.221061354,4948365.710412973
2171,5571965.015470123,4949849.450716338
2172,5572270.406668626,4948424.836242145
2173,5572152.687675504,4948633.108306997
2174,5571228.677192039,4950985.426226497
2175,5571298.292810889,4950693.989685867
2176,5571398.923500302,4950135.701290811
2177,5571425.289078974,4949987.300747999
2178,5571496.444238622,4949695.242571282
2179,5571647.721134887,4949439.563309989
2180,5571735.649605126,4949289.742866504
2181,5571788.380762672,4949216.672548319
2182,5571965.030139779,4949047.55619369
2183,5550973.628587388,4951508.784787322
2184,5573832.089760982,4949899.917687009
2185,5574516.655513072,4949727.202478625
2186,5574812.8892878145,4949862.252574471
2187,5574919.858207002,4949988.054049852
2188,5574974.849271162,4950070.91729706
2189,5581357.616348265,4941974.780188944
2190,5575592.514126061,4949744.519729122
2191,5566837.92220604,4947143.919327696
2192,5567407.899707344,4946663.765077612
2193,5574642.642980751,4949789.935558039
2194,5574555.259920004,4949755.283654639
2195,5567432.596958796,4946649.424738061
2196,5568913.635361871,4947368.03508526
2197,5568894.952363768,4946941.8425412895
2198,5574415.060000441,4949645.1356846765
2199,5574530.504807431,4948020.543408731
2200,5575056.959217114,4947983.516767749
2201,5575584.116430219,4947909.749062039
2202,5575230.959450651,4947974.734207544
2203,5574755.289491708,4948104.704498631
2204,5574875.671810595,4947796.824054795
2205,5575037.602009445,4947356.842659288
2206,5574281.750193776,4948146.25237815
2207,5575230.218734602,4946990.664404773
2208,5575046.124651564,4947492.139601668
2209,5574933.19964449,4947764.864147058
2210,5574773.400106177,4947854.351888513
2211,5574682.847034491,4947934.251657652
2212,5569881.776078121,4947630.4593865415
2213,5574360.154638464,4948104.7984292265
2214,5569895.10568082,4947722.95530959
2215,5575664.8741323445,4947881.820963398
2216,5575463.201447264,4947926.261680252
2217,5575340.200863459,4947936.812027541
2218,5575163.174835219,4947985.77667365
2219,5574897.511081623,4948041.31734784
2220,5574677.294885371,4948109.318242293
2221,5574619.667263412,4948090.109034973
2222,5576018.549537774,4949525.5264681075
2223,5576613.225458332,4949735.192453783
2224,5576053.394409303,4949411.864721111
2225,5576303.214354208,4949411.332055984
2226,5576431.586650095,4949415.060711805
2227,5576543.446326919,4949669.674642859
2228,5576467.275213759,4949465.1312337415
2229,5576470.154235944,4949539.085908168
2230,5576514.59906857,4949642.28831612
2231,5578190.979567149,4949963.7057932615
2232,5577237.015924303,4949238.518311243
2233,5577587.066383315,4949560.758480746
2234,5576965.8271151185,4946484.445293113
2235,5576950.761070162,4947608.372246891
2236,5577012.724304634,4946703.795211532
2237,5574189.383815063,4949150.421426185
2238,5576733.60777773,4948450.93683047
2239,5576937.201629834,4948609.51093418
2240,5576997.019751273,4948886.204479649
2241,5562094.055923534,4960129.76835137
2242,5562214.511992596,4959811.689044031
2243,5563266.862008434,4961396.94262096
2244,5560205.136548962,4962564.836148482
2245,5562971.410175333,4961705.703095229
2246,5562827.6768510835,4961758.9376597665
2247,5560447.373497696,4962440.900965411
2248,5562588.121310668,4961538.014216936
2249,5559980.9265359705,4962768.765858799
2250,5571636.535146732,4946897.685337279
2251,5571894.596358862,4947188.029611624
2252,5572189.079217993,4947284.946566973
2253,5571030.362231892,4947443.134427623
2254,5571327.056708149,4947763.266168983
2255,5571551.843836651,4947972.217250892
2256,5570742.79722301,4948400.092927361
2257,5570214.319257222,4947718.522298054
2258,5569542.628531692,4947944.3723119525
2259,5570419.39533156,4947073.464828504
2260,5570258.423878443,4946711.942590464
2261,5569780.830253578,4946464.859453309
2262,5569361.99420401,4946833.9775545485
2263,5569294.406582468,4946057.13976531
2264,5569851.574305769,4945470.142794874
2265,5569447.814139169,4945511.690674813
2266,5568730.846877692,4945218.724854674
2267,5565764.967448484,4950754.180858702
2268,5563404.195603682,4952004.878577916
2269,5564375.77679614,4953261.968278682
2270,5563110.164453333,4953577.306034129
2271,5561955.346457037,4953798.894727144
2272,5567848.7534270855,4947811.738694668
2273,5566807.546283542,4948706.686941167
2274,5565867.239152994,4948007.759461568
2275,5565630.511522163,4948935.690824172
2276,5564858.753369829,4945759.768548797
2277,5564795.516917091,4952075.1903743055
2278,5562277.939870177,4951278.460813487
2279,5565154.047850994,4954540.259544882
2280,5565523.165952244,4953689.028005265
2281,5566733.3526508985,4955339.362275237
2282,5566412.155579044,4955394.759448492
2283,5567183.454683698,4955843.26348574
2284,5573389.148020578,4948277.30465924
2285,5573685.949106074,4948013.648872629
2286,5573217.395108157,4947856.96200516
2287,5574022.675210709,4947774.852060171
2288,5574583.885385064,4947846.415773679
2289,5574033.504763646,4947484.346974831
2290,5574015.950273927,4948480.7660937905
2291,5573537.08432446,4948961.7627038
2292,5572610.9867991805,4949691.252977553
2293,5572943.695372584,4949313.321687838
2294,5573357.509326455,4949764.323295524
2295,5573994.803027892,4949564.321548765
2296,5572129.890525672,4950255.52065515
2297,5572455.053234118,4950107.075818032
2298,5571955.613844171,4949481.834952548
2299,5571693.464662054,4949083.33806364
2300,5574778.726736967,4948423.238259652
2301,5575398.7489453405,4948934.596782018
2302,5576014.509832689,4948638.434971149
2303,5570611.154779839,4950205.5357760275
2304,5571167.386113102,4949768.23107571
2305,5576135.688015624,4950264.515987489
2306,5576572.603319158,4949163.188101688
2307,5577431.367881273,4948851.320971236
2308,5576265.25600219,4946830.964343521
2309,5576898.029890064,4946635.105759178
2310,5577650.527490132,4946752.338359484
2311,5575339.090451433,4946320.276336134
2312,5575923.9567613965,4946251.029869562
2313,5575613.945657271,4946908.338636816
2314,5574908.697028499,4947344.058711088
2315,5577004.998809592,4945340.932497737
2316,5579527.969014163,4946199.894017113
2317,5579899.912778121,4946744.833407323
2318,5580497.419546166,4947172.540539882
2319,5580528.314123559,4948013.086111035
2320,5577935.300283066,4949186.0147217
2321,5578774.780523967,4949750.639756821
2322,5579541.81830753,4949345.814259942
2323,5577833.028578592,4951333.720515677
2324,5575730.066655589,4951835.4910655925
2325,5575683.1921243705,4951254.88607664
2326,5572015.12472267,4951267.914580624
2327,5570731.49769296,4951432.134470577
2328,5571480.280126959,4952393.348138364
2329,5573536.795262588,4951762.080854973
2330,5571673.1255023135,4953946.657372673
2331,5579129.311148042,4944548.458532973
2332,5580227.625824874,4942772.171833402
2333,5581767.375618735,4944762.39637126
2334,5581254.376788222,4946116.080509973
2335,5570980.824379279,4958409.644068767
2336,5568125.73929598,4958946.570517269
2337,5567337.394907308,4960224.966823222
2338,5566293.371257444,4959364.179977214
2339,5564388.560761572,4959743.437547981
2340,5564848.783431716,4960970.698001696
2341,5562743.690847926,4961298.819720214
2342,5562909.882367703,4959798.834721228
2343,5582422.471317644,4941121.464691187
2344,5583754.586947835,4944938.669097014
2345,5580440.05705891,4950606.5152071025
2346,5580886.011989423,4949124.016384046
2347,5574210.905712451,4961443.704634844
2348,5565049.065519761,4964712.137857072
2349,5568664.436326203,4965106.076866754
2350,5572224.30569483,4941341.2172884215
2351,5568106.9926630985,4943350.707959221
2352,5559437.990398986,4951013.298420684
2353,5571279.116850863,4969493.340041342
2354,5575578.789759943,4972131.097752634
2355,5559762.557298354,4937409.560382483
2356,5549608.9026737595,4953393.733522715
2357,5552648.621352029,4955379.844823495
2358,5542925.6051340215,4948144.723462169
2359,5559364.463279373,4965104.179390843
2360,5564840.674118095,4972581.848370806
2361,5562053.45580238,4941744.667567429
2362,5586755.743102184,4957551.961928819
2363,5579552.410305586,4949306.9586435985
2364,5576120.98351641,4946391.244392299
2365,5575657.253733834,4945938.497290731
2366,5580936.938799094,4972309.813161627
2367,5583266.447091897,4980153.121458647
2368,5589835.242690052,4973872.737354855
2369,5599847.012968452,4959346.965991439
2370,5577279.742558542,4950160.833530372
2371,5577090.308228443,4950413.4126371695
2372,5576969.070257181,4950590.218011928
2373,5570411.458525884,4930147.816900995
2374,5546601.720101896,4944034.744517228
2375,5580473.695262186,4950621.532704046
2376,5573653.685822,4943413.220310718
2377,5577408.48216564,4948964.673086564
2378,5546661.984281697,4937815.48116189
2379,5550193.465217962,4935260.279938379
2380,5546945.111934271,4942443.7701705145
2381,5562701.077638167,4947868.913864763
2382,5555418.36960662,4952441.59759928
2383,5547867.419167873,4958360.286215765
2384,5550986.706154452,4957567.680506058
2385,5601762.24400513,4984979.69002185
2386,5554734.371165903,4956416.020257066
2387,5557841.041014979,4958481.733864831
2388,5554387.24032835,4961564.799622729
2389,5553356.000641534,4945678.594860485
2390,5608821.355036755,4982564.820870324
2391,5629694.622003117,4970408.608813127
2392,5627546.369583919,4999739.656450821
2393,5649534.786046684,4989205.670889593
2394,5671409.597650315,4983189.187375787
2395,5611529.893669328,4961992.352642982
2396,5561250.820506036,4929245.05018436
2397,5573342.846145075,4948382.878427726
2398,5573271.204982005,4948320.524082089
2399,5573472.1982450625,4948162.648185695
2400,5573368.05322097,4948243.5761662
2401,5569075.186944528,4947267.794881899
2402,5573939.042570939,4947767.549556649
2403,5573817.334146094,4947618.6480978485
2404,5578045.071852692,4947712.975780119
2405,5580845.186911849,4949120.556341582
2406,5581245.264455683,4946085.759680845
2407,5574215.1200498445,4949010.978936646
2408,5572778.270998041,4946656.361093539
2409,5580547.426459509,4946969.334025789
2410,5574189.294851017,4948712.953676944
2411,5574406.720032819,4935744.846838072
2412,5563586.111447625,4944214.64803506
2413,5576862.987032325,4950625.579086879
2414,5576681.130075432,4950557.382728044
2415,5565900.117343356,4948628.285287582
2416,5574383.923099469,4949958.770244534
2417,5574308.14936743,4950026.9666033685
2418,5574449.593667238,4949840.058064339
2419,5574472.325786849,4949783.227765309
2420,5574247.5303818,4950052.224514049
2421,5574428.1244431585,4949895.625467833
2422,5576564.943686708,4949228.816625852
2423,5576663.449538359,4949342.477223912
2424,5576822.574375643,4949382.889880998
2425,5566090.956029675,4948401.66434758
2426,5569078.296688365,4943762.456509146
2427,5569246.97584988,4943498.192489442
2428,5569865.46610876,4943962.060183601
2429,5569744.579376341,4944094.192193454
2430,5569612.447366491,4943776.513105938
2431,5574535.312320246,4935394.790055638
2432,5574874.653078729,4934876.848897952
2433,5575485.466444009,4934066.003085564
2434,5576199.868040815,4929279.5123869525
2435,5576128.427881133,4930308.250686355
2436,5576471.3406476015,4930908.3480276745
2437,5576671.373094709,4931765.629943843
2438,5576214.156072751,4932980.112658417
2439,5575628.346763369,4928550.822758209
2440,5575171.129741411,4928450.806534655
2441,5574413.864048795,4927336.340043637
2442,5573227.957398096,4927207.747756211
2443,5572527.843833221,4927793.557065594
2444,5571756.2901086705,4927479.220362999
2445,5571699.137980925,4927164.883660402
2446,5571213.344895097,4926921.987117487
2447,5570713.26377733,4927707.828873974
2448,5568455.754731419,4929979.625951824
2449,5568784.379465951,4929222.360259208
2450,5569441.628935013,4928750.855205315
2451,5569755.965637608,4928179.333927869
2452,5573511.314115833,4943740.787762418
2453,5596166.30623775,4956766.11860708
2454,5604685.06917773,4959583.77136641
2455,5590547.7230385635,4955805.155397759
2456,5573133.9065642,4944345.38136954
2457,5573529.741423,4944474.80428186
2458,5585281.529916042,4954177.465333242
2459,5573399.010156707,4944948.054378133
2460,5594003.005219551,4955997.115518919
2461,5570879.69631492,4944664.11791452
2462,5573065.301317742,4944613.695673101
2463,5595174.97227509,4957209.4952315455
2464,5573256.868491549,4944387.136747207
2465,5596569.208944609,4956744.74967504
2466,5597094.573486745,4955754.639576395
2467,5578996.220914524,4948751.946600621
2468,5597761.382328691,4954057.30797872
2469,5528919.745356267,4982818.380337054
2470,5497862.911115771,4915689.432739781
2471,5597483.983213797,5022931.963695735
2472,5574334.668340021,4955705.623078866
2473,5533746.0604659,4944507.66864842
2474,5503216.25166977,4920973.3262222
2475,5552642.390951322,4970166.169272773
2476,5529908.977843909,4984211.638927028
2477,5564447.269995598,4951502.911295739
2478,5609957.16185643,4993196.99415665
2479,5587525.5727617275,4997325.653538423
2480,5594308.551099651,5009265.644442972
2481,5593523.023947993,5024145.798229594
2482,5510641.5940763485,4925643.345365521
2483,5666615.74131919,4976167.56424383
2484,5574241.560013909,4955448.918358046
2485,5593802.30804801,5018752.32177545
2486,5617257.87577434,4998118.17958371
